section,rank,relation,cheb_distance,tile_id,t0,t1,x0,x1,y0,y1,z0,z1,n,rho_peak_err,rho_peak_ref,rho_tile_ratio,rho_abs_sum,file
local_ring,1,TARGET,0,864,0,9,62,93,155,186,126,135,34609,0.01957370339842047,0.007637379653496855,2.5628820729709885,0.0003008951317725123,N301_v1_sigma4_R3/tiles/tile000864_t0-9_x62-93_y155-186_z126-135.score.json
local_ring,2,CORNER_4D,1,4231,9,18,62,93,124,155,135,144,41289,0.00014157358412357165,0.0011146705268523316,0.12700935452501375,3.859890615230198e-05,N301_v1_sigma4_R3/tiles/tile004231_t9-18_x62-93_y124-155_z135-144.score.json
local_ring,3,EDGE_yz,1,831,0,9,62,93,124,155,135,144,26544,0.0001060242611015678,0.0008655639376591601,0.12249154162810998,1.9894896720205807e-05,N301_v1_sigma4_R3/tiles/tile000831_t0-9_x62-93_y124-155_z135-144.score.json
local_ring,4,CORNER_4D,1,3891,9,18,31,62,124,155,135,144,77841,0.00046616467534309387,0.004434610369477511,0.1051196467116045,0.0015202240571238314,N301_v1_sigma4_R3/tiles/tile003891_t9-18_x31-62_y124-155_z135-144.score.json
local_ring,5,CORNER_4D,1,491,0,9,31,62,124,155,135,144,51894,0.00046612908362940654,0.0044375589884843875,0.10504177743643002,0.0010193068736430648,N301_v1_sigma4_R3/tiles/tile000491_t0-9_x31-62_y124-155_z135-144.score.json
local_ring,6,FACE_y,1,830,0,9,62,93,124,155,126,135,30434,0.00021560416725353382,0.0025258149517075217,0.08536023872523969,7.170404785775266e-05,N301_v1_sigma4_R3/tiles/tile000830_t0-9_x62-93_y124-155_z126-135.score.json
local_ring,7,EDGE_ty,1,4230,9,18,62,93,124,155,126,135,47151,0.0002453290492975789,0.0030703941450227965,0.07990148421018352,0.000136323382422382,N301_v1_sigma4_R3/tiles/tile004230_t9-18_x62-93_y124-155_z126-135.score.json
local_ring,8,CORNER_4D,1,3890,9,18,31,62,124,155,126,135,77841,0.0004463542949483479,0.0061654587932431755,0.0723959578543473,0.0027902696115826454,N301_v1_sigma4_R3/tiles/tile003890_t9-18_x31-62_y124-155_z126-135.score.json
local_ring,9,EDGE_xy,1,490,0,9,31,62,124,155,126,135,51894,0.00044613594054927037,0.006165834132040694,0.07235613722252592,0.0018793433577132576,N301_v1_sigma4_R3/tiles/tile000490_t0-9_x31-62_y124-155_z126-135.score.json
local_ring,10,CORNER_4D,1,3925,9,18,31,62,155,186,135,144,77841,0.00046359207953814016,0.007136347951640322,0.06496209022873968,0.002733547696607386,N301_v1_sigma4_R3/tiles/tile003925_t9-18_x31-62_y155-186_z135-144.score.json
local_ring,11,EDGE_xz,1,525,0,9,31,62,155,186,135,144,51894,0.00046329842550059267,0.007135943095205331,0.06492462444268715,0.001850909775007753,N301_v1_sigma4_R3/tiles/tile000525_t0-9_x31-62_y155-186_z135-144.score.json
local_ring,12,FACE_z,1,865,0,9,62,93,155,186,135,144,30519,0.0002511750212343478,0.004083072861685964,0.06151617415189445,0.0001192636219631184,N301_v1_sigma4_R3/tiles/tile000865_t0-9_x62-93_y155-186_z135-144.score.json
local_ring,13,CORNER_4D,1,1239,0,9,93,124,186,217,135,144,21133,0.00019243285627093673,0.0033837382630015267,0.056869899890022876,7.04571440615237e-05,N301_v1_sigma4_R3/tiles/tile001239_t0-9_x93-124_y186-217_z135-144.score.json
local_ring,14,EDGE_tz,1,4265,9,18,62,93,155,186,135,144,47295,0.00025616194763278515,0.004771312922212294,0.053687937012106855,0.00022173194012755932,N301_v1_sigma4_R3/tiles/tile004265_t9-18_x62-93_y155-186_z135-144.score.json
local_ring,15,CORNER_4D,1,4639,9,18,93,124,186,217,135,144,32597,0.00021109892884429732,0.003975672168966635,0.05309766999706281,0.00012276288243087815,N301_v1_sigma4_R3/tiles/tile004639_t9-18_x93-124_y186-217_z135-144.score.json
local_ring,16,EDGE_xz,1,1203,0,9,93,124,155,186,117,126,198,5.7238985376988026e-08,1.0931281117632235e-06,0.05236255911913301,3.2921393126298042e-09,N301_v1_sigma4_R3/tiles/tile001203_t0-9_x93-124_y155-186_z117-126.score.json
local_ring,17,CORNER_4D,1,4603,9,18,93,124,155,186,117,126,440,7.262036918976125e-08,1.4026323331696836e-06,0.051774344190150645,7.702043209315545e-09,N301_v1_sigma4_R3/tiles/tile004603_t9-18_x93-124_y155-186_z117-126.score.json
local_ring,18,EDGE_tx,1,3924,9,18,31,62,155,186,126,135,77839,0.0004439767200483905,0.008864213971271157,0.050086417305281135,0.00383569271952039,N301_v1_sigma4_R3/tiles/tile003924_t9-18_x31-62_y155-186_z126-135.score.json
local_ring,19,FACE_x,1,524,0,9,31,62,155,186,126,135,51894,0.0004418109748578748,0.008851044056260318,0.0499162553083648,0.0026193356146461248,N301_v1_sigma4_R3/tiles/tile000524_t0-9_x31-62_y155-186_z126-135.score.json
local_ring,20,CORNER_4D,1,3889,9,18,31,62,124,155,117,126,77841,0.00041533229092022587,0.0086881863027972,0.047804257004308,0.0045546717565473835,N301_v1_sigma4_R3/tiles/tile003889_t9-18_x31-62_y124-155_z117-126.score.json
local_ring,21,CORNER_4D,1,489,0,9,31,62,124,155,117,126,51894,0.0004145549141364481,0.008688414289306006,0.047713529803326285,0.003113144823706323,N301_v1_sigma4_R3/tiles/tile000489_t0-9_x31-62_y124-155_z117-126.score.json
local_ring,22,CORNER_4D,1,3923,9,18,31,62,155,186,117,126,77384,0.00041303713793919934,0.010371273751859788,0.03982511192177654,0.005046448427035091,N301_v1_sigma4_R3/tiles/tile003923_t9-18_x31-62_y155-186_z117-126.score.json
local_ring,23,EDGE_xz,1,523,0,9,31,62,155,186,117,126,51746,0.0004098427366016821,0.010716542479123256,0.038243933376841545,0.0035170817524311673,N301_v1_sigma4_R3/tiles/tile000523_t0-9_x31-62_y155-186_z117-126.score.json
local_ring,24,CORNER_4D,1,3959,9,18,31,62,186,217,135,144,64551,0.0003683439903299345,0.010368664720948354,0.03552472765232247,0.002849043220423161,N301_v1_sigma4_R3/tiles/tile003959_t9-18_x31-62_y186-217_z135-144.score.json
local_ring,25,EDGE_yz,1,829,0,9,62,93,124,155,117,126,36958,0.00025064215696370823,0.0072613113924277755,0.03451747809976616,0.00035412322387261063,N301_v1_sigma4_R3/tiles/tile000829_t0-9_x62-93_y124-155_z117-126.score.json
local_ring,26,CORNER_4D,1,559,0,9,31,62,186,217,135,144,43867,0.00036629265467798353,0.010716697124560998,0.03417962180143152,0.0021174479826291345,N301_v1_sigma4_R3/tiles/tile000559_t0-9_x31-62_y186-217_z135-144.score.json
local_ring,27,CORNER_4D,1,3958,9,18,31,62,186,217,126,135,61404,0.0003521631972557551,0.010375608908477694,0.0339414486766179,0.0023122556133290716,N301_v1_sigma4_R3/tiles/tile003958_t9-18_x31-62_y186-217_z126-135.score.json
local_ring,28,EDGE_xy,1,1238,0,9,93,124,186,217,126,135,25653,0.0002667739071519175,0.008036814491080521,0.03319398593161389,0.00017394714598385676,N301_v1_sigma4_R3/tiles/tile001238_t0-9_x93-124_y186-217_z126-135.score.json
local_ring,29,EDGE_xy,1,558,0,9,31,62,186,217,126,135,41893,0.0003523041333430765,0.010722105060805006,0.03285773934737269,0.001748570602935341,N301_v1_sigma4_R3/tiles/tile000558_t0-9_x31-62_y186-217_z126-135.score.json
local_ring,30,CORNER_4D,1,4229,9,18,62,93,124,155,117,126,56954,0.00025561451907347207,0.00790360162876672,0.03234152365968351,0.000646244431446109,N301_v1_sigma4_R3/tiles/tile004229_t9-18_x62-93_y124-155_z117-126.score.json
local_ring,31,CORNER_4D,1,3957,9,18,31,62,186,217,117,126,55939,0.00032786861657402647,0.010378873630516589,0.03158999986376242,0.0014478530557850793,N301_v1_sigma4_R3/tiles/tile003957_t9-18_x31-62_y186-217_z117-126.score.json
local_ring,32,FACE_t,1,4264,9,18,62,93,155,186,126,135,53413,0.00025561451907487676,0.008241633289781652,0.031015031861681974,0.000544670580651014,N301_v1_sigma4_R3/tiles/tile004264_t9-18_x62-93_y155-186_z126-135.score.json
local_ring,33,CORNER_4D,1,557,0,9,31,62,186,217,117,126,38294,0.0003279121903880435,0.010727360538304084,0.03056783532325315,0.0011291453631060505,N301_v1_sigma4_R3/tiles/tile000557_t0-9_x31-62_y186-217_z117-126.score.json
local_ring,34,CORNER_4D,1,4638,9,18,93,124,186,217,126,135,39411,0.0002674671047363762,0.009154502565501026,0.029217000358308133,0.00029944754466452615,N301_v1_sigma4_R3/tiles/tile004638_t9-18_x93-124_y186-217_z126-135.score.json
local_ring,35,EDGE_tz,1,4263,9,18,62,93,155,186,117,126,63263,0.0002999878122345416,0.011386823012285543,0.026345172126665782,0.001710479482666185,N301_v1_sigma4_R3/tiles/tile004263_t9-18_x62-93_y155-186_z117-126.score.json
local_ring,36,FACE_z,1,863,0,9,62,93,155,186,117,126,41270,0.00026516152725565047,0.0113864446608759,0.023287473408337186,0.0009875322795499328,N301_v1_sigma4_R3/tiles/tile000863_t0-9_x62-93_y155-186_z117-126.score.json
local_ring,37,EDGE_yz,1,899,0,9,62,93,186,217,135,144,50705,0.0004651510754688365,0.022431293738397064,0.02073670296923659,0.008991354855721242,N301_v1_sigma4_R3/tiles/tile000899_t0-9_x62-93_y186-217_z135-144.score.json
local_ring,38,CORNER_4D,1,4299,9,18,62,93,186,217,135,144,76380,0.00046515841978978303,0.022444088752505767,0.020725208535715245,0.013797054189539153,N301_v1_sigma4_R3/tiles/tile004299_t9-18_x62-93_y186-217_z135-144.score.json
local_ring,39,FACE_y,1,898,0,9,62,93,186,217,126,135,51542,0.00045872089658388973,0.024166721908971695,0.01898151095178504,0.010738296973168311,N301_v1_sigma4_R3/tiles/tile000898_t0-9_x62-93_y186-217_z126-135.score.json
local_ring,40,EDGE_ty,1,4298,9,18,62,93,186,217,126,135,77476,0.00045858362394409283,0.024172565293625742,0.018971243571943953,0.016379419746751726,N301_v1_sigma4_R3/tiles/tile004298_t9-18_x62-93_y186-217_z126-135.score.json
local_ring,41,CORNER_4D,1,4297,9,18,62,93,186,217,117,126,77841,0.0004562186574529718,0.02669531809468827,0.0170898378447773,0.02037529422132625,N301_v1_sigma4_R3/tiles/tile004297_t9-18_x62-93_y186-217_z117-126.score.json
local_ring,42,EDGE_yz,1,897,0,9,62,93,186,217,117,126,51893,0.00045560651040802216,0.026673185740171745,0.017081068412531084,0.013495937789244017,N301_v1_sigma4_R3/tiles/tile000897_t0-9_x62-93_y186-217_z117-126.score.json
local_ring,43,CORNER_4D,1,1237,0,9,93,124,186,217,117,126,33139,0.0002736042982878252,0.02000490529986008,0.01367686045930639,0.0006240951889151736,N301_v1_sigma4_R3/tiles/tile001237_t0-9_x93-124_y186-217_z117-126.score.json
local_ring,44,CORNER_4D,1,4637,9,18,93,124,186,217,117,126,50650,0.0002738535790490597,0.021430674964203884,0.012778579279769919,0.0010500656863130326,N301_v1_sigma4_R3/tiles/tile004637_t9-18_x93-124_y186-217_z117-126.score.json
local_ring,45,CORNER_4D,1,1169,0,9,93,124,124,155,117,126,0,nan,nan,nan,nan,N301_v1_sigma4_R3/tiles/tile001169_t0-9_x93-124_y124-155_z117-126.score.json
local_ring,46,EDGE_xy,1,1170,0,9,93,124,124,155,126,135,0,nan,nan,nan,nan,N301_v1_sigma4_R3/tiles/tile001170_t0-9_x93-124_y124-155_z126-135.score.json
local_ring,47,CORNER_4D,1,1171,0,9,93,124,124,155,135,144,0,nan,nan,nan,nan,N301_v1_sigma4_R3/tiles/tile001171_t0-9_x93-124_y124-155_z135-144.score.json
local_ring,48,FACE_x,1,1204,0,9,93,124,155,186,126,135,0,nan,nan,nan,nan,N301_v1_sigma4_R3/tiles/tile001204_t0-9_x93-124_y155-186_z126-135.score.json
local_ring,49,EDGE_xz,1,1205,0,9,93,124,155,186,135,144,0,nan,nan,nan,nan,N301_v1_sigma4_R3/tiles/tile001205_t0-9_x93-124_y155-186_z135-144.score.json
local_ring,50,CORNER_4D,1,4569,9,18,93,124,124,155,117,126,0,nan,nan,nan,nan,N301_v1_sigma4_R3/tiles/tile004569_t9-18_x93-124_y124-155_z117-126.score.json
local_ring,51,CORNER_4D,1,4570,9,18,93,124,124,155,126,135,0,nan,nan,nan,nan,N301_v1_sigma4_R3/tiles/tile004570_t9-18_x93-124_y124-155_z126-135.score.json
local_ring,52,CORNER_4D,1,4571,9,18,93,124,124,155,135,144,0,nan,nan,nan,nan,N301_v1_sigma4_R3/tiles/tile004571_t9-18_x93-124_y124-155_z135-144.score.json
local_ring,53,EDGE_tx,1,4604,9,18,93,124,155,186,126,135,0,nan,nan,nan,nan,N301_v1_sigma4_R3/tiles/tile004604_t9-18_x93-124_y155-186_z126-135.score.json
local_ring,54,CORNER_4D,1,4605,9,18,93,124,155,186,135,144,0,nan,nan,nan,nan,N301_v1_sigma4_R3/tiles/tile004605_t9-18_x93-124_y155-186_z135-144.score.json
local_ring,55,RING2,2,7632,18,27,62,93,124,155,144,153,40764,0.00011975640431958665,0.0007401009037320094,0.16181091485729418,2.766163891619556e-05,N301_v1_sigma4_R3/tiles/tile007632_t18-27_x62-93_y124-155_z144-153.score.json
local_ring,56,RING2,2,4232,9,18,62,93,124,155,144,153,38937,8.698878881209006e-05,0.0005672065273955662,0.15336351859615435,2.0315484464119223e-05,N301_v1_sigma4_R3/tiles/tile004232_t9-18_x62-93_y124-155_z144-153.score.json
local_ring,57,RING2,2,832,0,9,62,93,124,155,144,153,24876,6.14218532427818e-05,0.00042965566563049493,0.14295599512844495,1.0401457336131164e-05,N301_v1_sigma4_R3/tiles/tile000832_t0-9_x62-93_y124-155_z144-153.score.json
local_ring,58,RING2,2,492,0,9,31,62,124,155,144,153,51894,0.00047109606398014714,0.0035063338457813477,0.1343557358484125,0.0006564279481998515,N301_v1_sigma4_R3/tiles/tile000492_t0-9_x31-62_y124-155_z144-153.score.json
local_ring,59,RING2,2,7292,18,27,31,62,124,155,144,153,77841,0.00047102712302373096,0.0035063397918523365,0.13433584620585096,0.0009726091855847829,N301_v1_sigma4_R3/tiles/tile007292_t18-27_x31-62_y124-155_z144-153.score.json
local_ring,60,RING2,2,3892,9,18,31,62,124,155,144,153,77841,0.0004696379714909357,0.0035052381435643895,0.13398175880095053,0.0009799430164282763,N301_v1_sigma4_R3/tiles/tile003892_t9-18_x31-62_y124-155_z144-153.score.json
local_ring,61,RING2,2,4980,9,18,124,155,186,217,144,153,8740,6.617850125064575e-07,4.973993616480609e-06,0.13304902730749965,5.035173893561604e-07,N301_v1_sigma4_R3/tiles/tile004980_t9-18_x124-155_y186-217_z144-153.score.json
local_ring,62,RING2,2,1580,0,9,124,155,186,217,144,153,5798,6.909003252196346e-07,5.206769658103387e-06,0.13269270019355942,3.3582624327880284e-07,N301_v1_sigma4_R3/tiles/tile001580_t0-9_x124-155_y186-217_z144-153.score.json
local_ring,63,RING2,2,8380,18,27,124,155,186,217,144,153,8728,7.15646804591608e-07,5.405123728189308e-06,0.1324015583323837,5.053916912287068e-07,N301_v1_sigma4_R3/tiles/tile008380_t18-27_x124-155_y186-217_z144-153.score.json
local_ring,64,RING2,2,7631,18,27,62,93,124,155,135,144,43097,0.0001819044506679024,0.0014149329859997658,0.12856047068502827,5.211544041606197e-05,N301_v1_sigma4_R3/tiles/tile007631_t18-27_x62-93_y124-155_z135-144.score.json
local_ring,65,RING2,2,4979,9,18,124,155,186,217,135,144,11072,1.2734360417921098e-06,1.0310701940963501e-05,0.1235062412902134,8.850103707908175e-07,N301_v1_sigma4_R3/tiles/tile004979_t9-18_x124-155_y186-217_z135-144.score.json
local_ring,66,RING2,2,1579,0,9,124,155,186,217,135,144,7375,1.3280994732043638e-06,1.0782732142102952e-05,0.12316910553852867,5.910325331510522e-07,N301_v1_sigma4_R3/tiles/tile001579_t0-9_x124-155_y186-217_z135-144.score.json
local_ring,67,RING2,2,8379,18,27,124,155,186,217,135,144,11080,1.3745127478693632e-06,1.1184599555669741e-05,0.1228933357003908,8.886204558932826e-07,N301_v1_sigma4_R3/tiles/tile008379_t18-27_x124-155_y186-217_z135-144.score.json
local_ring,68,RING2,2,4978,9,18,124,155,186,217,126,135,16793,4.146922286286734e-06,3.8233969296401584e-05,0.10846172559638019,3.0034534426381415e-06,N301_v1_sigma4_R3/tiles/tile004978_t9-18_x124-155_y186-217_z126-135.score.json
local_ring,69,RING2,2,1578,0,9,124,155,186,217,126,135,11207,4.315893284931358e-06,3.991174991484348e-05,0.10813590719875314,2.006144925016008e-06,N301_v1_sigma4_R3/tiles/tile001578_t0-9_x124-155_y186-217_z126-135.score.json
local_ring,70,RING2,2,8378,18,27,124,155,186,217,126,135,16811,4.459039474581562e-06,4.1337647495657495e-05,0.10786872850105904,3.014655871188174e-06,N301_v1_sigma4_R3/tiles/tile008378_t18-27_x124-155_y186-217_z126-135.score.json
local_ring,71,RING2,2,1476,0,9,124,155,93,124,126,135,4,5.547876998914305e-08,5.240710974178556e-07,0.10586115178358782,7.650805236167117e-11,N301_v1_sigma4_R3/tiles/tile001476_t0-9_x124-155_y93-124_z126-135.score.json
local_ring,72,RING2,2,8276,18,27,124,155,93,124,126,135,8,5.7612555898005803e-08,5.454200131458266e-07,0.10562970648200652,1.5611043349594705e-10,N301_v1_sigma4_R3/tiles/tile008276_t18-27_x124-155_y93-124_z126-135.score.json
local_ring,73,RING2,2,7291,18,27,31,62,124,155,135,144,77841,0.0004650030839757215,0.004437652205782584,0.10478583323176806,0.0015067248494306767,N301_v1_sigma4_R3/tiles/tile007291_t18-27_x31-62_y124-155_z135-144.score.json
local_ring,74,RING2,2,4875,9,18,124,155,93,124,117,126,4011,3.6582032283717833e-07,3.99802758787016e-06,0.09150019973525472,1.615132440250344e-07,N301_v1_sigma4_R3/tiles/tile004875_t9-18_x124-155_y93-124_z117-126.score.json
local_ring,75,RING2,2,1475,0,9,124,155,93,124,117,126,2668,3.8207180620788276e-07,4.186390693622663e-06,0.09126520532111629,1.0783007518045534e-07,N301_v1_sigma4_R3/tiles/tile001475_t0-9_x124-155_y93-124_z117-126.score.json
local_ring,76,RING2,2,8275,18,27,124,155,93,124,117,126,4022,3.9589031658144483e-07,4.346943356236129e-06,0.09107326324220448,1.6252171591889025e-07,N301_v1_sigma4_R3/tiles/tile008275_t18-27_x124-155_y93-124_z117-126.score.json
local_ring,77,RING2,2,4977,9,18,124,155,186,217,117,126,26368,2.098777095629404e-05,0.00023381455076402772,0.08976246725326985,1.7470775395834912e-05,N301_v1_sigma4_R3/tiles/tile004977_t9-18_x124-155_y186-217_z117-126.score.json
local_ring,78,RING2,2,1577,0,9,124,155,186,217,117,126,17568,2.1754303248820988e-05,0.0002433562481681396,0.08939282805588995,1.166609657696262e-05,N301_v1_sigma4_R3/tiles/tile001577_t0-9_x124-155_y186-217_z117-126.score.json
local_ring,79,RING2,2,8377,18,27,124,155,186,217,117,126,26378,2.2400457718720513e-05,0.00025144028450858354,0.08908857927241097,1.7528366785394102e-05,N301_v1_sigma4_R3/tiles/tile008377_t18-27_x124-155_y186-217_z117-126.score.json
local_ring,80,RING2,2,1138,0,9,93,124,93,124,144,153,5887,4.456876400296714e-06,5.0253889286542715e-05,0.08868719344057223,9.334588885276128e-07,N301_v1_sigma4_R3/tiles/tile001138_t0-9_x93-124_y93-124_z144-153.score.json
local_ring,81,RING2,2,4538,9,18,93,124,93,124,144,153,9483,5.4776606823134255e-06,6.274558079163448e-05,0.08729954545330675,1.6926780797588197e-06,N301_v1_sigma4_R3/tiles/tile004538_t9-18_x93-124_y93-124_z144-153.score.json
local_ring,82,RING2,2,866,0,9,62,93,155,186,144,153,28884,0.00022302442242591635,0.0025866410083242083,0.08622163713796753,7.718678455432202e-05,N301_v1_sigma4_R3/tiles/tile000866_t0-9_x62-93_y155-186_z144-153.score.json
local_ring,83,RING2,2,7938,18,27,93,124,93,124,144,153,10299,6.737155200532357e-06,7.845338843501414e-05,0.08587462358127455,2.1245837225707854e-06,N301_v1_sigma4_R3/tiles/tile007938_t18-27_x93-124_y93-124_z144-153.score.json
local_ring,84,RING2,2,1137,0,9,93,124,93,124,135,144,7109,8.073963782453546e-06,9.954139163780925e-05,0.08111162250806604,1.520770366952177e-06,N301_v1_sigma4_R3/tiles/tile001137_t0-9_x93-124_y93-124_z135-144.score.json
local_ring,85,RING2,2,4537,9,18,93,124,93,124,135,144,11396,9.848605338540488e-06,0.0001235566491053414,0.07970922981363639,2.745024635162342e-06,N301_v1_sigma4_R3/tiles/tile004537_t9-18_x93-124_y93-124_z135-144.score.json
local_ring,86,RING2,2,4266,9,18,62,93,155,186,144,153,44790,0.00025009208806786587,0.003138509997336339,0.07968497416930952,0.0001450006659240941,N301_v1_sigma4_R3/tiles/tile004266_t9-18_x62-93_y155-186_z144-153.score.json
local_ring,87,RING2,2,4874,9,18,124,155,93,124,108,117,18164,4.055131652494415e-06,5.111090361182896e-05,0.07933985443285936,3.2073400978143687e-06,N301_v1_sigma4_R3/tiles/tile004874_t9-18_x124-155_y93-124_z108-117.score.json
local_ring,88,RING2,2,1474,0,9,124,155,93,124,108,117,12102,4.218656085438418e-06,5.3331492701797636e-05,0.07910253157598607,2.1419315472209566e-06,N301_v1_sigma4_R3/tiles/tile001474_t0-9_x124-155_y93-124_z108-117.score.json
local_ring,89,RING2,2,8274,18,27,124,155,93,124,108,117,18174,4.357125450244918e-06,5.521791900336993e-05,0.07890781704357609,3.2190815056716306e-06,N301_v1_sigma4_R3/tiles/tile008274_t18-27_x124-155_y93-124_z108-117.score.json
local_ring,90,RING2,2,7937,18,27,93,124,93,124,135,144,12334,1.2015816615348055e-05,0.00015354127230733818,0.07825789401625133,3.427250737012677e-06,N301_v1_sigma4_R3/tiles/tile007937_t18-27_x93-124_y93-124_z135-144.score.json
local_ring,91,RING2,2,7326,18,27,31,62,155,186,144,153,77841,0.00046855301242728926,0.006203606717326211,0.07552912906594411,0.0021862023378746227,N301_v1_sigma4_R3/tiles/tile007326_t18-27_x31-62_y155-186_z144-153.score.json
local_ring,92,RING2,2,526,0,9,31,62,155,186,144,153,51894,0.00046854807665951326,0.006204883759288228,0.07551278877031874,0.0015055706027816843,N301_v1_sigma4_R3/tiles/tile000526_t0-9_x31-62_y155-186_z144-153.score.json
local_ring,93,RING2,2,3926,9,18,31,62,155,186,144,153,77841,0.0004683674664135198,0.006205048798584071,0.07548167333033651,0.002229153398464285,N301_v1_sigma4_R3/tiles/tile003926_t9-18_x31-62_y155-186_z144-153.score.json
local_ring,94,RING2,2,7290,18,27,31,62,124,155,126,135,77841,0.00044604461572520936,0.006165621201210822,0.07234382411258315,0.00274719613210141,N301_v1_sigma4_R3/tiles/tile007290_t18-27_x31-62_y124-155_z126-135.score.json
local_ring,95,RING2,2,7630,18,27,62,93,124,155,126,135,48977,0.0002599793214263669,0.0036587128124829504,0.0710575917681646,0.0001794156773316691,N301_v1_sigma4_R3/tiles/tile007630_t18-27_x62-93_y124-155_z126-135.score.json
local_ring,96,RING2,2,7666,18,27,62,93,155,186,144,153,46607,0.00026133055545289477,0.003732453621933798,0.07001575422590206,0.00018796709011038396,N301_v1_sigma4_R3/tiles/tile007666_t18-27_x62-93_y155-186_z144-153.score.json
local_ring,97,RING2,2,1240,0,9,93,124,186,217,144,153,19341,0.00013869424396909316,0.0019960438435610937,0.06948456789488758,4.730469710980698e-05,N301_v1_sigma4_R3/tiles/tile001240_t0-9_x93-124_y186-217_z144-153.score.json
local_ring,98,RING2,2,1136,0,9,93,124,93,124,126,135,10757,2.309699764942207e-05,0.000335460289608641,0.0688516595402925,4.6539870279239786e-06,N301_v1_sigma4_R3/tiles/tile001136_t0-9_x93-124_y93-124_z126-135.score.json
local_ring,99,RING2,2,4536,9,18,93,124,93,124,126,135,17033,2.7668389910519514e-05,0.0004111785231177827,0.06729045500898855,8.319133767352502e-06,N301_v1_sigma4_R3/tiles/tile004536_t9-18_x93-124_y93-124_z126-135.score.json
local_ring,100,RING2,2,4640,9,18,93,124,186,217,144,153,29839,0.00015681518481953927,0.0023764474681622805,0.06598722964442605,8.279429317394943e-05,N301_v1_sigma4_R3/tiles/tile004640_t9-18_x93-124_y186-217_z144-153.score.json
local_ring,101,RING2,2,7936,18,27,93,124,93,124,126,135,18155,3.310143222702729e-05,0.0005041852183547532,0.06565331751502593,1.0269012448825627e-05,N301_v1_sigma4_R3/tiles/tile007936_t18-27_x93-124_y93-124_z126-135.score.json
local_ring,102,RING2,2,7325,18,27,31,62,155,186,135,144,77841,0.0004633457928890562,0.0071336019109476696,0.0649525721610533,0.002671527590084982,N301_v1_sigma4_R3/tiles/tile007325_t18-27_x31-62_y155-186_z135-144.score.json
local_ring,103,RING2,2,4976,9,18,124,155,186,217,108,117,40763,0.0001279801921864436,0.002009050018022988,0.06370184467203206,0.00015759491230430832,N301_v1_sigma4_R3/tiles/tile004976_t9-18_x124-155_y186-217_z108-117.score.json
local_ring,104,RING2,2,1576,0,9,124,155,186,217,108,117,27168,0.0001313261776979659,0.0020794877887617084,0.06315313723297597,0.00010521186506037918,N301_v1_sigma4_R3/tiles/tile001576_t0-9_x124-155_y186-217_z108-117.score.json
local_ring,105,RING2,2,8376,18,27,124,155,186,217,108,117,40773,0.00013410233993616264,0.0021387640792231224,0.0627008566484217,0.00015804164478483489,N301_v1_sigma4_R3/tiles/tile008376_t18-27_x124-155_y186-217_z108-117.score.json
local_ring,106,RING2,2,8040,18,27,93,124,186,217,144,153,30909,0.00017595163371496997,0.002824341436413163,0.062298287114472876,9.960711612884693e-05,N301_v1_sigma4_R3/tiles/tile008040_t18-27_x93-124_y186-217_z144-153.score.json
local_ring,107,RING2,2,1168,0,9,93,124,124,155,108,117,501,1.0988447524789532e-07,1.851486209699788e-06,0.05934933496788653,9.916260031777688e-09,N301_v1_sigma4_R3/tiles/tile001168_t0-9_x93-124_y124-155_z108-117.score.json
local_ring,108,RING2,2,4568,9,18,93,124,124,155,108,117,1004,1.3886300019128597e-07,2.3672383727396836e-06,0.05866033678331059,2.1177486905064006e-08,N301_v1_sigma4_R3/tiles/tile004568_t9-18_x93-124_y124-155_z108-117.score.json
local_ring,109,RING2,2,7968,18,27,93,124,124,155,108,117,1405,1.7582551247248713e-07,3.032600969963982e-06,0.05797845289041618,3.174202611691792e-08,N301_v1_sigma4_R3/tiles/tile007968_t18-27_x93-124_y124-155_z108-117.score.json
local_ring,110,RING2,2,1202,0,9,93,124,155,186,108,117,3180,9.114891138205702e-07,1.645788421650428e-05,0.05538312834322358,1.6471567537068652e-07,N301_v1_sigma4_R3/tiles/tile001202_t0-9_x93-124_y155-186_z108-117.score.json
local_ring,111,RING2,2,4602,9,18,93,124,155,186,108,117,5453,1.1343698949800323e-06,2.072683079105874e-05,0.05472953904122107,3.088750456083059e-07,N301_v1_sigma4_R3/tiles/tile004602_t9-18_x93-124_y155-186_z108-117.score.json
local_ring,112,RING2,2,8002,18,27,93,124,155,186,108,117,6363,1.4139405230732665e-06,2.6147835806864066e-05,0.05407485856638633,4.020235235604299e-07,N301_v1_sigma4_R3/tiles/tile008002_t18-27_x93-124_y155-186_z108-117.score.json
local_ring,113,RING2,2,1135,0,9,93,124,93,124,117,126,18271,8.77937141395863e-05,0.0016997835848111297,0.05164993645314055,2.4288683951950206e-05,N301_v1_sigma4_R3/tiles/tile001135_t0-9_x93-124_y93-124_z117-126.score.json
local_ring,114,RING2,2,8003,18,27,93,124,155,186,117,126,654,9.232111563439061e-08,1.803338993754835e-06,0.05119454298615456,1.2295334352786346e-08,N301_v1_sigma4_R3/tiles/tile008003_t18-27_x93-124_y155-186_z117-126.score.json
local_ring,115,RING2,2,7324,18,27,31,62,155,186,126,135,77797,0.0004439409102886099,0.008864516081890605,0.050080670640954734,0.0037056721319987246,N301_v1_sigma4_R3/tiles/tile007324_t18-27_x31-62_y155-186_z126-135.score.json
local_ring,116,RING2,2,4535,9,18,93,124,93,124,117,126,28491,0.00010060500606392077,0.0020310914820351666,0.04953248386582465,4.2799344811091736e-05,N301_v1_sigma4_R3/tiles/tile004535_t9-18_x93-124_y93-124_z117-126.score.json
local_ring,117,RING2,2,8039,18,27,93,124,186,217,135,144,33724,0.00022891569237575276,0.004658149468307695,0.0491430543251584,0.00014686492602049878,N301_v1_sigma4_R3/tiles/tile008039_t18-27_x93-124_y186-217_z135-144.score.json
local_ring,118,RING2,2,7665,18,27,62,93,155,186,135,144,49105,0.00026100929338554674,0.005449547448640899,0.04789559056883553,0.00028376871880336026,N301_v1_sigma4_R3/tiles/tile007665_t18-27_x62-93_y155-186_z135-144.score.json
local_ring,119,RING2,2,7289,18,27,31,62,124,155,117,126,77813,0.00041530951911698984,0.00868291382905924,0.0478306622976111,0.004392643747846888,N301_v1_sigma4_R3/tiles/tile007289_t18-27_x31-62_y124-155_z117-126.score.json
local_ring,120,RING2,2,7935,18,27,93,124,93,124,117,126,29790,0.00011461055171456055,0.00242335259460875,0.04729421214623719,5.192272077862247e-05,N301_v1_sigma4_R3/tiles/tile007935_t18-27_x93-124_y93-124_z117-126.score.json
local_ring,121,RING2,2,7394,18,27,31,62,217,248,144,153,14382,9.522839462635399e-06,0.00021516124687324028,0.04425908290188366,5.940354281170346e-06,N301_v1_sigma4_R3/tiles/tile007394_t18-27_x31-62_y217-248_z144-153.score.json
local_ring,122,RING2,2,7393,18,27,31,62,217,248,135,144,13362,8.436946406313329e-06,0.0001921380465097709,0.043910857633728886,4.56049353829523e-06,N301_v1_sigma4_R3/tiles/tile007393_t18-27_x31-62_y217-248_z135-144.score.json
local_ring,123,RING2,2,3994,9,18,31,62,217,248,144,153,15597,1.2443763178646855e-05,0.00028574296790233994,0.043548799363278934,7.962807787361125e-06,N301_v1_sigma4_R3/tiles/tile003994_t9-18_x31-62_y217-248_z144-153.score.json
local_ring,124,RING2,2,3993,9,18,31,62,217,248,135,144,14454,1.1050430198770078e-05,0.0002552742445938416,0.04328846498538093,6.11288371185435e-06,N301_v1_sigma4_R3/tiles/tile003993_t9-18_x31-62_y217-248_z135-144.score.json
local_ring,125,RING2,2,594,0,9,31,62,217,248,144,153,10931,1.4803266605456489e-05,0.0003445101732200447,0.04296902604383001,6.748288880178769e-06,N301_v1_sigma4_R3/tiles/tile000594_t0-9_x31-62_y217-248_z144-153.score.json
local_ring,126,RING2,2,593,0,9,31,62,217,248,135,144,10279,1.3169914522483345e-05,0.00030788865973001284,0.04277492563068749,5.182226956818751e-06,N301_v1_sigma4_R3/tiles/tile000593_t0-9_x31-62_y217-248_z135-144.score.json
local_ring,127,RING2,2,7392,18,27,31,62,217,248,126,135,11013,5.032060306047132e-06,0.00011882967471361309,0.042346832288943904,2.4225363757018934e-06,N301_v1_sigma4_R3/tiles/tile007392_t18-27_x31-62_y217-248_z126-135.score.json
local_ring,128,RING2,2,3992,9,18,31,62,217,248,126,135,12032,6.6415933315734275e-06,0.00015804905827799395,0.04202235308413839,3.2477740135625626e-06,N301_v1_sigma4_R3/tiles/tile003992_t9-18_x31-62_y217-248_z126-135.score.json
local_ring,129,RING2,2,7323,18,27,31,62,155,186,117,126,76964,0.00041299108905617317,0.009854193653603582,0.04191018601559006,0.004746484311061406,N301_v1_sigma4_R3/tiles/tile007323_t18-27_x31-62_y155-186_z117-126.score.json
local_ring,130,RING2,2,592,0,9,31,62,217,248,126,135,8614,7.96393571312625e-06,0.00019082394337075956,0.04173446776358036,2.753653101107606e-06,N301_v1_sigma4_R3/tiles/tile000592_t0-9_x31-62_y217-248_z126-135.score.json
local_ring,131,RING2,2,7258,18,27,31,62,93,124,144,153,72272,0.00040753167389522785,0.009840321636122466,0.041414466819787187,0.0038324768669447105,N301_v1_sigma4_R3/tiles/tile007258_t18-27_x31-62_y93-124_z144-153.score.json
local_ring,132,RING2,2,7257,18,27,31,62,93,124,135,144,71441,0.0004020443638963517,0.00984431542846518,0.04084025616792271,0.0037594681347476377,N301_v1_sigma4_R3/tiles/tile007257_t18-27_x31-62_y93-124_z135-144.score.json
local_ring,133,RING2,2,7391,18,27,31,62,217,248,117,126,7749,1.9842019838351005e-06,5.018549827450289e-05,0.03953735744501293,8.840581721799317e-07,N301_v1_sigma4_R3/tiles/tile007391_t18-27_x31-62_y217-248_z117-126.score.json
local_ring,134,RING2,2,3991,9,18,31,62,217,248,117,126,8607,2.638521884934056e-06,6.674139124671972e-05,0.03953351639285369,1.18701846725796e-06,N301_v1_sigma4_R3/tiles/tile003991_t9-18_x31-62_y217-248_z117-126.score.json
local_ring,135,RING2,2,591,0,9,31,62,217,248,117,126,6228,3.183245065405238e-06,8.060678000865956e-05,0.03949103369546908,1.0070919830260254e-06,N301_v1_sigma4_R3/tiles/tile000591_t0-9_x31-62_y217-248_z117-126.score.json
local_ring,136,RING2,2,3858,9,18,31,62,93,124,144,153,73287,0.0004065052434936182,0.010364723237376269,0.0392200770038623,0.004218570063173005,N301_v1_sigma4_R3/tiles/tile003858_t9-18_x31-62_y93-124_z144-153.score.json
local_ring,137,RING2,2,7256,18,27,31,62,93,124,126,135,69116,0.0003854848700317261,0.009849448497781898,0.03913771112347433,0.0034438205174777037,N301_v1_sigma4_R3/tiles/tile007256_t18-27_x31-62_y93-124_z126-135.score.json
local_ring,138,RING2,2,3857,9,18,31,62,93,124,135,144,72502,0.0004030559113060916,0.010368664720948354,0.03887249922275688,0.004160066959722671,N301_v1_sigma4_R3/tiles/tile003857_t9-18_x31-62_y93-124_z135-144.score.json
local_ring,139,RING2,2,7288,18,27,31,62,124,155,108,117,76034,0.0003798802698588028,0.009851460614812286,0.03856080683991459,0.005119427065940698,N301_v1_sigma4_R3/tiles/tile007288_t18-27_x31-62_y124-155_z108-117.score.json
local_ring,140,RING2,2,7322,18,27,31,62,155,186,108,117,73288,0.0003777357886379732,0.00985367645783641,0.0383345028887739,0.004510794213130172,N301_v1_sigma4_R3/tiles/tile007322_t18-27_x31-62_y155-186_z108-117.score.json
local_ring,141,RING2,2,458,0,9,31,62,93,124,144,153,49333,0.00040748597037802963,0.010705830699585745,0.03806205999444742,0.003030156053524295,N301_v1_sigma4_R3/tiles/tile000458_t0-9_x31-62_y93-124_z144-153.score.json
local_ring,142,RING2,2,7360,18,27,31,62,186,217,144,153,64231,0.0003721153604514032,0.009840321636122466,0.037815365616243574,0.0026750202793191483,N301_v1_sigma4_R3/tiles/tile007360_t18-27_x31-62_y186-217_z144-153.score.json
local_ring,143,RING2,2,457,0,9,31,62,93,124,135,144,48877,0.0004031166048477082,0.010716697124561261,0.03761575046511466,0.0030003655068594997,N301_v1_sigma4_R3/tiles/tile000457_t0-9_x31-62_y93-124_z135-144.score.json
local_ring,144,RING2,2,7359,18,27,31,62,186,217,135,144,62970,0.0003682872706864239,0.00984431542846518,0.03741116112772134,0.0024774165325875644,N301_v1_sigma4_R3/tiles/tile007359_t18-27_x31-62_y186-217_z135-144.score.json
local_ring,145,RING2,2,3856,9,18,31,62,93,124,126,135,70404,0.00038548193152910257,0.010375608908477342,0.03715270447541121,0.0038691033801598615,N301_v1_sigma4_R3/tiles/tile003856_t9-18_x31-62_y93-124_z126-135.score.json
local_ring,146,RING2,2,3888,9,18,31,62,124,155,108,117,76907,0.00037985469325897,0.010375608908477474,0.036610351894490425,0.005584300472146882,N301_v1_sigma4_R3/tiles/tile003888_t9-18_x31-62_y124-155_z108-117.score.json
local_ring,147,RING2,2,590,0,9,31,62,217,248,108,117,3549,8.465928431698784e-07,2.3205567958035002e-05,0.0364823151366456,2.4789097751000926e-07,N301_v1_sigma4_R3/tiles/tile000590_t0-9_x31-62_y217-248_z108-117.score.json
local_ring,148,RING2,2,3922,9,18,31,62,155,186,108,117,74570,0.0003777570368203951,0.010378873630516755,0.03639672764775602,0.005048109626227299,N301_v1_sigma4_R3/tiles/tile003922_t9-18_x31-62_y155-186_z108-117.score.json
local_ring,149,RING2,2,3990,9,18,31,62,217,248,108,117,4775,6.998576525013605e-07,1.9245384158957235e-05,0.036364961422483785,2.9011751957707244e-07,N301_v1_sigma4_R3/tiles/tile003990_t9-18_x31-62_y217-248_z108-117.score.json
local_ring,150,RING2,2,7255,18,27,31,62,93,124,117,126,64498,0.0003581928344609077,0.009854193653603759,0.03634927900264206,0.0026320376798069363,N301_v1_sigma4_R3/tiles/tile007255_t18-27_x31-62_y93-124_z117-126.score.json
local_ring,151,RING2,2,7390,18,27,31,62,217,248,108,117,4141,5.24858472436681e-07,1.4513524878296559e-05,0.03616340460624774,2.13540294604032e-07,N301_v1_sigma4_R3/tiles/tile007390_t18-27_x31-62_y217-248_z108-117.score.json
local_ring,152,RING2,2,3960,9,18,31,62,186,217,144,153,65765,0.00037234856806929537,0.010364723237376269,0.03592460305419133,0.0030508879342529714,N301_v1_sigma4_R3/tiles/tile003960_t9-18_x31-62_y186-217_z144-153.score.json
local_ring,153,RING2,2,456,0,9,31,62,93,124,126,135,47600,0.00038426217693070513,0.01072210506080514,0.035838314841306944,0.0028232868626867557,N301_v1_sigma4_R3/tiles/tile000456_t0-9_x31-62_y93-124_z126-135.score.json
local_ring,154,RING2,2,7358,18,27,31,62,186,217,126,135,59639,0.00035228637602223185,0.009849448497781759,0.03576711692046229,0.001966702602342872,N301_v1_sigma4_R3/tiles/tile007358_t18-27_x31-62_y186-217_z126-135.score.json
local_ring,155,RING2,2,488,0,9,31,62,124,155,108,117,51565,0.000377948234555156,0.010725836687823877,0.03523717967701375,0.0039664686179463225,N301_v1_sigma4_R3/tiles/tile000488_t0-9_x31-62_y124-155_z108-117.score.json
local_ring,156,RING2,2,522,0,9,31,62,155,186,108,117,50299,0.00037582233655128385,0.010727360538304084,0.03503399883031232,0.0036627534253696296,N301_v1_sigma4_R3/tiles/tile000522_t0-9_x31-62_y155-186_z108-117.score.json
local_ring,157,RING2,2,560,0,9,31,62,186,217,144,153,44631,0.00037219273201909413,0.010705830699585745,0.03476542292355659,0.002253017592430961,N301_v1_sigma4_R3/tiles/tile000560_t0-9_x31-62_y186-217_z144-153.score.json
local_ring,158,RING2,2,3855,9,18,31,62,93,124,117,126,66174,0.000358184265579169,0.010378873630516589,0.03451089957642552,0.0030521225885611542,N301_v1_sigma4_R3/tiles/tile003855_t9-18_x31-62_y93-124_z117-126.score.json
local_ring,159,RING2,2,8414,18,27,124,155,217,248,144,153,77841,0.001352937581175502,0.03932194364714176,0.03440668124943627,0.03547543395125761,N301_v1_sigma4_R3/tiles/tile008414_t18-27_x124-155_y217-248_z144-153.score.json
local_ring,160,RING2,2,5014,9,18,124,155,217,248,144,153,77841,0.0013529370477663241,0.03932193583531502,0.03440667451960114,0.035475638935325675,N301_v1_sigma4_R3/tiles/tile005014_t9-18_x124-155_y217-248_z144-153.score.json
local_ring,161,RING2,2,1614,0,9,124,155,217,248,144,153,51894,0.0013529183625182184,0.03932166228657672,0.03440643868659809,0.023650357745211396,N301_v1_sigma4_R3/tiles/tile001614_t0-9_x124-155_y217-248_z144-153.score.json
local_ring,162,RING2,2,8413,18,27,124,155,217,248,135,144,77841,0.0013256083467505855,0.039336463895532234,0.033699224980442276,0.03602805392652772,N301_v1_sigma4_R3/tiles/tile008413_t18-27_x124-155_y217-248_z135-144.score.json
local_ring,163,RING2,2,5013,9,18,124,155,217,248,135,144,77841,0.0013256070631941716,0.03933645755630744,0.03369919778100649,0.03602850337684476,N301_v1_sigma4_R3/tiles/tile005013_t9-18_x124-155_y217-248_z135-144.score.json
local_ring,164,RING2,2,1613,0,9,124,155,217,248,135,144,51894,0.0013255621237595952,0.03933623554785831,0.03369824553106649,0.02401885252634199,N301_v1_sigma4_R3/tiles/tile001613_t0-9_x124-155_y217-248_z135-144.score.json
local_ring,165,RING2,2,7254,18,27,31,62,93,124,108,117,57139,0.0003280494395098265,0.009853676457836578,0.033292085539192884,0.0013790423936051524,N301_v1_sigma4_R3/tiles/tile007254_t18-27_x31-62_y93-124_z108-117.score.json
local_ring,166,RING2,2,7357,18,27,31,62,186,217,117,126,54129,0.00032786274891987745,0.009851460614812355,0.03328062322321149,0.001185737045958033,N301_v1_sigma4_R3/tiles/tile007357_t18-27_x31-62_y186-217_z117-126.score.json
local_ring,167,RING2,2,1274,0,9,93,124,217,248,144,153,51894,0.0012644605707355164,0.03809794279550861,0.03318973356442186,0.02276805774614645,N301_v1_sigma4_R3/tiles/tile001274_t0-9_x93-124_y217-248_z144-153.score.json
local_ring,168,RING2,2,455,0,9,31,62,93,124,117,126,44985,0.00035575373309958656,0.010727360538304084,0.033163212127466035,0.0022826258092317705,N301_v1_sigma4_R3/tiles/tile000455_t0-9_x31-62_y93-124_z117-126.score.json
local_ring,169,RING2,2,4674,9,18,93,124,217,248,144,153,77841,0.0012516825410866933,0.037955904124412715,0.032977281663055635,0.034064839805100326,N301_v1_sigma4_R3/tiles/tile004674_t9-18_x93-124_y217-248_z144-153.score.json
local_ring,170,RING2,2,8074,18,27,93,124,217,248,144,153,77841,0.001241777660537735,0.03791909730724317,0.03274808074876127,0.03395403264592649,N301_v1_sigma4_R3/tiles/tile008074_t18-27_x93-124_y217-248_z144-153.score.json
local_ring,171,RING2,2,8073,18,27,93,124,217,248,135,144,77841,0.0012418711848611805,0.03803172241937196,0.032653561444501315,0.034255900730357856,N301_v1_sigma4_R3/tiles/tile008073_t18-27_x93-124_y217-248_z135-144.score.json
local_ring,172,RING2,2,4673,9,18,93,124,217,248,135,144,77841,0.0012421184024238932,0.038144523551413845,0.03256347928293506,0.03437715012689638,N301_v1_sigma4_R3/tiles/tile004673_t9-18_x93-124_y217-248_z135-144.score.json
local_ring,173,RING2,2,1273,0,9,93,124,217,248,135,144,51894,0.0012421503662944297,0.03821957779623606,0.03250036860471962,0.02298163652037096,N301_v1_sigma4_R3/tiles/tile001273_t0-9_x93-124_y217-248_z135-144.score.json
local_ring,174,RING2,2,8412,18,27,124,155,217,248,126,135,77841,0.0012474779210178838,0.03937785363627107,0.03167968301524763,0.037148431123102926,N301_v1_sigma4_R3/tiles/tile008412_t18-27_x124-155_y217-248_z126-135.score.json
local_ring,175,RING2,2,5012,9,18,124,155,217,248,126,135,77841,0.001247476329200796,0.0393778461910201,0.03167964858081233,0.03714926500171795,N301_v1_sigma4_R3/tiles/tile005012_t9-18_x124-155_y217-248_z126-135.score.json
local_ring,176,RING2,2,1612,0,9,124,155,217,248,126,135,51894,0.0012474206019395112,0.039377585471753164,0.03167844312938707,0.02476589876246779,N301_v1_sigma4_R3/tiles/tile001612_t0-9_x124-155_y217-248_z126-135.score.json
local_ring,177,RING2,2,3854,9,18,31,62,93,124,108,117,58947,0.00032791274676014035,0.010378873630516755,0.0315942517881696,0.0016834634047947297,N301_v1_sigma4_R3/tiles/tile003854_t9-18_x31-62_y93-124_z108-117.score.json
local_ring,178,RING2,2,8072,18,27,93,124,217,248,126,135,77841,0.0011864981603502966,0.038069121394546275,0.031166943624821156,0.03487256804631039,N301_v1_sigma4_R3/tiles/tile008072_t18-27_x93-124_y217-248_z126-135.score.json
local_ring,179,RING2,2,4672,9,18,93,124,217,248,126,135,77841,0.0011889902047359097,0.03816908674710502,0.0311506065789245,0.0350268295617393,N301_v1_sigma4_R3/tiles/tile004672_t9-18_x93-124_y217-248_z126-135.score.json
local_ring,180,RING2,2,7629,18,27,62,93,124,155,117,126,58749,0.00026071796250307176,0.008379648876626636,0.03111323234918502,0.0008082844564348322,N301_v1_sigma4_R3/tiles/tile007629_t18-27_x62-93_y124-155_z117-126.score.json
local_ring,181,RING2,2,1272,0,9,93,124,217,248,126,135,51894,0.0011889769287843285,0.03825247010442031,0.03108235691809442,0.023431318838175213,N301_v1_sigma4_R3/tiles/tile001272_t0-9_x93-124_y217-248_z126-135.score.json
local_ring,182,RING2,2,454,0,9,31,62,93,124,108,117,40310,0.0003280936707172732,0.010727360538304084,0.030584752842579704,0.001312629628269636,N301_v1_sigma4_R3/tiles/tile000454_t0-9_x31-62_y93-124_z108-117.score.json
local_ring,183,RING2,2,7664,18,27,62,93,155,186,126,135,55236,0.00026032285129481405,0.00866101920973298,0.030056837999189685,0.0006747059196423957,N301_v1_sigma4_R3/tiles/tile007664_t18-27_x62-93_y155-186_z126-135.score.json
local_ring,184,RING2,2,7356,18,27,31,62,186,217,108,117,46400,0.00025813113254054623,0.008677784333359966,0.029746202789139843,0.0004600744133783317,N301_v1_sigma4_R3/tiles/tile007356_t18-27_x31-62_y186-217_z108-117.score.json
local_ring,185,RING2,2,3956,9,18,31,62,186,217,108,117,48211,0.00028957052643013154,0.009741854605253442,0.029724373660224436,0.0005879471684501881,N301_v1_sigma4_R3/tiles/tile003956_t9-18_x31-62_y186-217_z108-117.score.json
local_ring,186,RING2,2,1611,0,9,124,155,217,248,117,126,51894,0.0011466389385664383,0.03940672540294013,0.029097544311075585,0.02574569382963646,N301_v1_sigma4_R3/tiles/tile001611_t0-9_x124-155_y217-248_z117-126.score.json
local_ring,187,RING2,2,8411,18,27,124,155,217,248,117,126,77841,0.0011466389385664244,0.03940690655654651,0.02909741054962199,0.03861797946366068,N301_v1_sigma4_R3/tiles/tile008411_t18-27_x124-155_y217-248_z117-126.score.json
local_ring,188,RING2,2,5011,9,18,124,155,217,248,117,126,77841,0.0011466385373199092,0.039406901528298725,0.02909740408025964,0.03861910191024223,N301_v1_sigma4_R3/tiles/tile005011_t9-18_x124-155_y217-248_z117-126.score.json
local_ring,189,RING2,2,556,0,9,31,62,186,217,108,117,33148,0.0003005121828595272,0.010382283422837915,0.02894471000459209,0.0004767250178980904,N301_v1_sigma4_R3/tiles/tile000556_t0-9_x31-62_y186-217_z108-117.score.json
local_ring,190,RING2,2,1271,0,9,93,124,217,248,117,126,51894,0.0010924840070473812,0.0382851546763296,0.02853544712783482,0.023871681319011073,N301_v1_sigma4_R3/tiles/tile001271_t0-9_x93-124_y217-248_z117-126.score.json
local_ring,191,RING2,2,4671,9,18,93,124,217,248,117,126,77841,0.0010907948415039004,0.0382279161923071,0.02853398642020172,0.035612614492635954,N301_v1_sigma4_R3/tiles/tile004671_t9-18_x93-124_y217-248_z117-126.score.json
local_ring,192,RING2,2,8071,18,27,93,124,217,248,117,126,77841,0.001084647753788956,0.038113764937387024,0.028458163489511107,0.03536009013917413,N301_v1_sigma4_R3/tiles/tile008071_t18-27_x93-124_y217-248_z117-126.score.json
local_ring,193,RING2,2,7663,18,27,62,93,155,186,117,126,64865,0.0003087488661389949,0.011387091526921361,0.027113935583028454,0.002010447078130927,N301_v1_sigma4_R3/tiles/tile007663_t18-27_x62-93_y155-186_z117-126.score.json
local_ring,194,RING2,2,7628,18,27,62,93,124,155,108,117,72003,0.00031994244399118077,0.012001819876589569,0.026657827502914955,0.0034496803021348364,N301_v1_sigma4_R3/tiles/tile007628_t18-27_x62-93_y124-155_z108-117.score.json
local_ring,195,RING2,2,4228,9,18,62,93,124,155,108,117,70601,0.0003133845863412116,0.012001618178216109,0.026111861058038782,0.0029848140878535796,N301_v1_sigma4_R3/tiles/tile004228_t9-18_x62-93_y124-155_z108-117.score.json
local_ring,196,RING2,2,4334,9,18,62,93,217,248,144,153,71829,0.0007464820244041763,0.028829734163889252,0.025892782089513126,0.013233496489608941,N301_v1_sigma4_R3/tiles/tile004334_t9-18_x62-93_y217-248_z144-153.score.json
local_ring,197,RING2,2,8410,18,27,124,155,217,248,108,117,77841,0.0010178306127299613,0.03945839169639982,0.025795035453075196,0.04039946794472569,N301_v1_sigma4_R3/tiles/tile008410_t18-27_x124-155_y217-248_z108-117.score.json
local_ring,198,RING2,2,5010,9,18,124,155,217,248,108,117,77841,0.0010178302759426966,0.039458386505778306,0.02579503031107582,0.04040100236474997,N301_v1_sigma4_R3/tiles/tile005010_t9-18_x124-155_y217-248_z108-117.score.json
local_ring,199,RING2,2,1610,0,9,124,155,217,248,108,117,51894,0.001017815350957553,0.03945820469693201,0.025794770917103867,0.026933490224835294,N301_v1_sigma4_R3/tiles/tile001610_t0-9_x124-155_y217-248_z108-117.score.json
local_ring,200,RING2,2,8038,18,27,93,124,186,217,126,135,40593,0.0002674634642834805,0.01037557815498516,0.025778174506350008,0.000352894745163247,N301_v1_sigma4_R3/tiles/tile008038_t18-27_x93-124_y186-217_z126-135.score.json
local_ring,201,RING2,2,934,0,9,62,93,217,248,144,153,48248,0.0007468696467058528,0.02903790335138346,0.02572050873191812,0.009220850419193951,N301_v1_sigma4_R3/tiles/tile000934_t0-9_x62-93_y217-248_z144-153.score.json
local_ring,202,RING2,2,7734,18,27,62,93,217,248,144,153,71199,0.0007296244510617798,0.02839852014979048,0.025692340559061243,0.012521872840804978,N301_v1_sigma4_R3/tiles/tile007734_t18-27_x62-93_y217-248_z144-153.score.json
local_ring,203,RING2,2,933,0,9,62,93,217,248,135,144,47752,0.0007453679987310877,0.029056624214880446,0.02565225723466426,0.008746786629298888,N301_v1_sigma4_R3/tiles/tile000933_t0-9_x62-93_y217-248_z135-144.score.json
local_ring,204,RING2,2,828,0,9,62,93,124,155,108,117,46225,0.0003071598890337212,0.0119887093472376,0.025620763681663196,0.0017462754146673253,N301_v1_sigma4_R3/tiles/tile000828_t0-9_x62-93_y124-155_z108-117.score.json
local_ring,205,RING2,2,4333,9,18,62,93,217,248,135,144,71069,0.000735913595430928,0.0288408806237527,0.02551633582314564,0.012520832851261916,N301_v1_sigma4_R3/tiles/tile004333_t9-18_x62-93_y217-248_z135-144.score.json
local_ring,206,RING2,2,1270,0,9,93,124,217,248,108,117,51894,0.000967521520633452,0.03833992166560175,0.025235354653880368,0.023290332662018628,N301_v1_sigma4_R3/tiles/tile001270_t0-9_x93-124_y217-248_z108-117.score.json
local_ring,207,RING2,2,4670,9,18,93,124,217,248,108,117,77841,0.0009635436808361,0.03828482228391409,0.025167772066188917,0.03454403290423242,N301_v1_sigma4_R3/tiles/tile004670_t9-18_x93-124_y217-248_z108-117.score.json
local_ring,208,RING2,2,8070,18,27,93,124,217,248,108,117,77841,0.0009543033979347096,0.03816289123217115,0.0250060560697308,0.034047249603751224,N301_v1_sigma4_R3/tiles/tile008070_t18-27_x93-124_y217-248_z108-117.score.json
local_ring,209,RING2,2,7733,18,27,62,93,217,248,135,144,70376,0.0007123973988425944,0.028509804908394446,0.02498780335858544,0.011808427618561834,N301_v1_sigma4_R3/tiles/tile007733_t18-27_x62-93_y217-248_z135-144.score.json
local_ring,210,RING2,2,932,0,9,62,93,217,248,126,135,46441,0.0006986318057462734,0.029071455610435903,0.024031538534158663,0.0075308342436960695,N301_v1_sigma4_R3/tiles/tile000932_t0-9_x62-93_y217-248_z126-135.score.json
local_ring,211,RING2,2,7732,18,27,62,93,217,248,126,135,68237,0.0006764408217904451,0.02853703597845551,0.023703962187983884,0.009998969320173563,N301_v1_sigma4_R3/tiles/tile007732_t18-27_x62-93_y217-248_z126-135.score.json
local_ring,212,RING2,2,4332,9,18,62,93,217,248,126,135,69040,0.0006786235998145554,0.02885024172549329,0.02352228470983295,0.010701794354135052,N301_v1_sigma4_R3/tiles/tile004332_t9-18_x62-93_y217-248_z126-135.score.json
local_ring,213,RING2,2,1134,0,9,93,124,93,124,108,117,29998,0.00022398368587627816,0.009568311830607377,0.02340890324663051,0.00018411166283045384,N301_v1_sigma4_R3/tiles/tile001134_t0-9_x93-124_y93-124_z108-117.score.json
local_ring,214,RING2,2,4198,9,18,62,93,93,124,144,153,69165,0.00036601415166424324,0.016116811745803022,0.022710084192647903,0.005826434882770522,N301_v1_sigma4_R3/tiles/tile004198_t9-18_x62-93_y93-124_z144-153.score.json
local_ring,215,RING2,2,7598,18,27,62,93,93,124,144,153,70113,0.0003659952674996275,0.01611674244327967,0.02270901013574487,0.006212100606121764,N301_v1_sigma4_R3/tiles/tile007598_t18-27_x62-93_y93-124_z144-153.score.json
local_ring,216,RING2,2,798,0,9,62,93,93,124,144,153,45535,0.0003654264773285919,0.016093792294018656,0.02270605154164967,0.003666705071554765,N301_v1_sigma4_R3/tiles/tile000798_t0-9_x62-93_y93-124_z144-153.score.json
local_ring,217,RING2,2,7662,18,27,62,93,155,186,108,117,74745,0.00031994244399118077,0.014700509002082163,0.021764038506820717,0.0057830998262082016,N301_v1_sigma4_R3/tiles/tile007662_t18-27_x62-93_y155-186_z108-117.score.json
local_ring,218,RING2,2,4300,9,18,62,93,186,217,144,153,75712,0.00046701615735135135,0.02151192994477688,0.021709635469724247,0.012748699987029669,N301_v1_sigma4_R3/tiles/tile004300_t9-18_x62-93_y186-217_z144-153.score.json
local_ring,219,RING2,2,7700,18,27,62,93,186,217,144,153,76149,0.00046701852828124127,0.02151320424055305,0.021708459746823627,0.013107732151429762,N301_v1_sigma4_R3/tiles/tile007700_t18-27_x62-93_y186-217_z144-153.score.json
local_ring,220,RING2,2,900,0,9,62,93,186,217,144,153,50195,0.00046657709610877646,0.02151311402735179,0.021688031566028516,0.008287944192038925,N301_v1_sigma4_R3/tiles/tile000900_t0-9_x62-93_y186-217_z144-153.score.json
local_ring,221,RING2,2,4331,9,18,62,93,217,248,117,126,65184,0.000616821023603345,0.028893453674156168,0.021348123715478926,0.007637216985766603,N301_v1_sigma4_R3/tiles/tile004331_t9-18_x62-93_y217-248_z117-126.score.json
local_ring,222,RING2,2,4262,9,18,62,93,155,186,108,117,73852,0.00031338458634127403,0.01470024074454766,0.021318330208810275,0.005245875860986308,N301_v1_sigma4_R3/tiles/tile004262_t9-18_x62-93_y155-186_z108-117.score.json
local_ring,223,RING2,2,7597,18,27,62,93,93,124,135,144,71493,0.0003632720378864505,0.017048187487831018,0.021308543101473617,0.007016532495103607,N301_v1_sigma4_R3/tiles/tile007597_t18-27_x62-93_y93-124_z135-144.score.json
local_ring,224,RING2,2,797,0,9,62,93,93,124,135,144,46561,0.0003632308736339438,0.017047822366647952,0.021306584842446626,0.004184393119113346,N301_v1_sigma4_R3/tiles/tile000797_t0-9_x62-93_y93-124_z135-144.score.json
local_ring,225,RING2,2,4197,9,18,62,93,93,124,135,144,70606,0.00036310603565566264,0.01704274557023039,0.02130560678497262,0.0066166117539947535,N301_v1_sigma4_R3/tiles/tile004197_t9-18_x62-93_y93-124_z135-144.score.json
local_ring,226,RING2,2,931,0,9,62,93,217,248,117,126,43961,0.0006178600842415248,0.02911618426674645,0.02122050329744553,0.0054560409449892445,N301_v1_sigma4_R3/tiles/tile000931_t0-9_x62-93_y217-248_z117-126.score.json
local_ring,227,RING2,2,7731,18,27,62,93,217,248,117,126,64227,0.0006002579144895603,0.02856552631472296,0.021013367927346094,0.007000458716352425,N301_v1_sigma4_R3/tiles/tile007731_t18-27_x62-93_y217-248_z117-126.score.json
local_ring,228,RING2,2,862,0,9,62,93,155,186,108,117,48697,0.0003075908533565104,0.01469317823699259,0.020934262716700583,0.0031999431517059722,N301_v1_sigma4_R3/tiles/tile000862_t0-9_x62-93_y155-186_z108-117.score.json
local_ring,229,RING2,2,7699,18,27,62,93,186,217,135,144,76744,0.00046506179063439054,0.02244458775647571,0.020720442526292824,0.014144540108613188,N301_v1_sigma4_R3/tiles/tile007699_t18-27_x62-93_y186-217_z135-144.score.json
local_ring,230,RING2,2,4534,9,18,93,124,93,124,108,117,46014,0.00022383826916557922,0.01080955923325208,0.020707437216960136,0.00031685368973976153,N301_v1_sigma4_R3/tiles/tile004534_t9-18_x93-124_y93-124_z108-117.score.json
local_ring,231,RING2,2,7698,18,27,62,93,186,217,126,135,77631,0.0004586903259826934,0.024172675235503958,0.01897557144643161,0.016671397909463353,N301_v1_sigma4_R3/tiles/tile007698_t18-27_x62-93_y186-217_z126-135.score.json
local_ring,232,RING2,2,7596,18,27,62,93,93,124,126,135,74301,0.00035296824287866374,0.01877615462240204,0.01879875032865001,0.009140870627357602,N301_v1_sigma4_R3/tiles/tile007596_t18-27_x62-93_y93-124_z126-135.score.json
local_ring,233,RING2,2,4196,9,18,62,93,93,124,126,135,73618,0.00035296879264840736,0.018776293020943705,0.01879864104457116,0.008717535634683301,N301_v1_sigma4_R3/tiles/tile004196_t9-18_x62-93_y93-124_z126-135.score.json
local_ring,234,RING2,2,796,0,9,62,93,93,124,126,135,48681,0.00035145371031728226,0.01874619222423339,0.01874800525425929,0.005568696200828714,N301_v1_sigma4_R3/tiles/tile000796_t0-9_x62-93_y93-124_z126-135.score.json
local_ring,235,RING2,2,930,0,9,62,93,217,248,108,117,39644,0.0005384431151161974,0.029127447462623742,0.018485763842064296,0.002823102813563585,N301_v1_sigma4_R3/tiles/tile000930_t0-9_x62-93_y217-248_z108-117.score.json
local_ring,236,RING2,2,7934,18,27,93,124,93,124,108,117,47305,0.00022397781612195147,0.012144258706408909,0.01844310315982904,0.00037329665193294644,N301_v1_sigma4_R3/tiles/tile007934_t18-27_x93-124_y93-124_z108-117.score.json
local_ring,237,RING2,2,7730,18,27,62,93,217,248,108,117,57359,0.0005204835749459263,0.028583650961357388,0.018209135552682717,0.003419926238896963,N301_v1_sigma4_R3/tiles/tile007730_t18-27_x62-93_y217-248_z108-117.score.json
local_ring,238,RING2,2,4330,9,18,62,93,217,248,108,117,58534,0.0005231505590967758,0.028918792048474362,0.018090332342369574,0.003851486517019356,N301_v1_sigma4_R3/tiles/tile004330_t9-18_x62-93_y217-248_z108-117.score.json
local_ring,239,RING2,2,7697,18,27,62,93,186,217,117,126,77841,0.0004562111342273911,0.026695071849916565,0.017089713666712494,0.020483798352088082,N301_v1_sigma4_R3/tiles/tile007697_t18-27_x62-93_y186-217_z117-126.score.json
local_ring,240,RING2,2,7696,18,27,62,93,186,217,108,117,77841,0.00046982583132627875,0.02860014992586688,0.01642739050473835,0.024149287225213877,N301_v1_sigma4_R3/tiles/tile007696_t18-27_x62-93_y186-217_z108-117.score.json
local_ring,241,RING2,2,4296,9,18,62,93,186,217,108,117,77841,0.00047342568195809717,0.02891457836566026,0.016373252134997424,0.024434287930082694,N301_v1_sigma4_R3/tiles/tile004296_t9-18_x62-93_y186-217_z108-117.score.json
local_ring,242,RING2,2,896,0,9,62,93,186,217,108,117,51894,0.00047558479375806387,0.029145550453880092,0.016317578029985368,0.016420001321344243,N301_v1_sigma4_R3/tiles/tile000896_t0-9_x62-93_y186-217_z108-117.score.json
local_ring,243,RING2,2,4636,9,18,93,124,186,217,108,117,64164,0.0004819991583010011,0.03000856503503044,0.016062052875182146,0.004138428776335542,N301_v1_sigma4_R3/tiles/tile004636_t9-18_x93-124_y186-217_z108-117.score.json
local_ring,244,RING2,2,8036,18,27,93,124,186,217,108,117,64946,0.0004819925134715401,0.030008745096112933,0.016061735068487525,0.004545195767079978,N301_v1_sigma4_R3/tiles/tile008036_t18-27_x93-124_y186-217_z108-117.score.json
local_ring,245,RING2,2,1236,0,9,93,124,186,217,108,117,42385,0.0004807748767209248,0.029997609005339036,0.016027106581573067,0.002546907827150048,N301_v1_sigma4_R3/tiles/tile001236_t0-9_x93-124_y186-217_z108-117.score.json
local_ring,246,RING2,2,795,0,9,62,93,93,124,117,126,51003,0.00033977197781387067,0.021281177918625292,0.015965844518244555,0.008151717311771013,N301_v1_sigma4_R3/tiles/tile000795_t0-9_x62-93_y93-124_z117-126.score.json
local_ring,247,RING2,2,4195,9,18,62,93,93,124,117,126,76799,0.00033987169860790964,0.021298906413548337,0.015957237052871203,0.012593019799456066,N301_v1_sigma4_R3/tiles/tile004195_t9-18_x62-93_y93-124_z117-126.score.json
local_ring,248,RING2,2,7595,18,27,62,93,93,124,117,126,77114,0.0003397622789895645,0.021298702012381956,0.01595225280827181,0.013003972399650236,N301_v1_sigma4_R3/tiles/tile007595_t18-27_x62-93_y93-124_z117-126.score.json
local_ring,249,RING2,2,794,0,9,62,93,93,124,108,117,51888,0.00034413199673320044,0.02459983966470843,0.013989196735574711,0.012151401469029842,N301_v1_sigma4_R3/tiles/tile000794_t0-9_x62-93_y93-124_z108-117.score.json
local_ring,250,RING2,2,7594,18,27,62,93,93,124,108,117,77841,0.0003441298069316451,0.024611967370420353,0.0139822144955886,0.018719632109585903,N301_v1_sigma4_R3/tiles/tile007594_t18-27_x62-93_y93-124_z108-117.score.json
local_ring,251,RING2,2,4194,9,18,62,93,93,124,108,117,77841,0.0003436403409084361,0.024612384448842832,0.013962090573658036,0.018471790461692953,N301_v1_sigma4_R3/tiles/tile004194_t9-18_x62-93_y93-124_z108-117.score.json
local_ring,252,RING2,2,6952,18,27,0,31,124,155,144,153,15318,3.166119931149148e-09,2.4214847475531427e-07,0.013075118207324836,2.4439866410649655e-08,N301_v1_sigma4_R3/tiles/tile006952_t18-27_x0-31_y124-155_z144-153.score.json
local_ring,253,RING2,2,3552,9,18,0,31,124,155,144,153,17089,4.5560522829877235e-09,3.567754815976059e-07,0.012770082357078364,3.675981787567732e-08,N301_v1_sigma4_R3/tiles/tile003552_t9-18_x0-31_y124-155_z144-153.score.json
local_ring,254,RING2,2,152,0,9,0,31,124,155,144,153,12273,5.752655572350156e-09,4.618107543801486e-07,0.01245673799881833,3.41217715770221e-08,N301_v1_sigma4_R3/tiles/tile000152_t0-9_x0-31_y124-155_z144-153.score.json
local_ring,255,RING2,2,8037,18,27,93,124,186,217,117,126,51735,0.0002738509618214202,0.02276963527150487,0.012027024524373117,0.0012029647280948853,N301_v1_sigma4_R3/tiles/tile008037_t18-27_x93-124_y186-217_z117-126.score.json
local_ring,256,RING2,2,6986,18,27,0,31,155,186,144,153,12198,2.5216803582905145e-09,2.421484747553956e-07,0.010413777583516769,2.9275781078485123e-08,N301_v1_sigma4_R3/tiles/tile006986_t18-27_x0-31_y155-186_z144-153.score.json
local_ring,257,RING2,2,3586,9,18,0,31,155,186,144,153,13971,3.6148272502110286e-09,3.567754815976059e-07,0.010131938534632996,4.468097094444808e-08,N301_v1_sigma4_R3/tiles/tile003586_t9-18_x0-31_y155-186_z144-153.score.json
local_ring,258,RING2,2,186,0,9,0,31,155,186,144,153,10332,4.548067012506098e-09,4.618107543802609e-07,0.009848334992998368,4.181759024771637e-08,N301_v1_sigma4_R3/tiles/tile000186_t0-9_x0-31_y155-186_z144-153.score.json
local_ring,259,RING2,2,6951,18,27,0,31,124,155,135,144,13964,1.986594941867973e-09,2.4210697402964046e-07,0.008205442861901037,3.424122216239413e-08,N301_v1_sigma4_R3/tiles/tile006951_t18-27_x0-31_y124-155_z135-144.score.json
local_ring,260,RING2,2,3551,9,18,0,31,124,155,135,144,15769,2.8339439803387038e-09,3.5668629749831357e-07,0.007945200026508175,5.157874243014471e-08,N301_v1_sigma4_R3/tiles/tile003551_t9-18_x0-31_y124-155_z135-144.score.json
local_ring,261,RING2,2,151,0,9,0,31,124,155,135,144,11539,3.5492724927866774e-09,4.61688934255741e-07,0.007687584062434225,4.7922382829010826e-08,N301_v1_sigma4_R3/tiles/tile000151_t0-9_x0-31_y124-155_z135-144.score.json
local_ring,262,RING2,2,6985,18,27,0,31,155,186,135,144,10882,1.4654206533585149e-09,2.4210697402964046e-07,0.006052781664930923,3.1204038233039236e-08,N301_v1_sigma4_R3/tiles/tile006985_t18-27_x0-31_y155-186_z135-144.score.json
local_ring,263,RING2,2,3585,9,18,0,31,155,186,135,144,12691,2.0726798620660566e-09,3.5668629749831357e-07,0.005810932117670868,4.788182399231352e-08,N301_v1_sigma4_R3/tiles/tile003585_t9-18_x0-31_y155-186_z135-144.score.json
local_ring,264,RING2,2,185,0,9,0,31,155,186,135,144,9463,2.5746512942118248e-09,4.61688934255741e-07,0.005576593033060786,4.491429668107635e-08,N301_v1_sigma4_R3/tiles/tile000185_t0-9_x0-31_y155-186_z135-144.score.json
local_ring,265,RING2,2,184,0,9,0,31,155,186,126,135,7402,2.3762110500834885e-09,4.617005798993759e-07,0.005146649481361633,3.8309720293869796e-08,N301_v1_sigma4_R3/tiles/tile000184_t0-9_x0-31_y155-186_z126-135.score.json
local_ring,266,RING2,2,150,0,9,0,31,124,155,126,135,9489,2.3762110500834885e-09,4.618107543801486e-07,0.005145421641972988,5.090625854311873e-08,N301_v1_sigma4_R3/tiles/tile000150_t0-9_x0-31_y124-155_z126-135.score.json
local_ring,267,RING2,2,3584,9,18,0,31,155,186,126,135,9590,1.8206936702620134e-09,3.5668629749831585e-07,0.0051044676597665215,4.0244476826872755e-08,N301_v1_sigma4_R3/tiles/tile003584_t9-18_x0-31_y155-186_z126-135.score.json
local_ring,268,RING2,2,3550,9,18,0,31,124,155,126,135,12698,1.8206936702620134e-09,3.567754815976059e-07,0.005103191682649055,5.44227889499548e-08,N301_v1_sigma4_R3/tiles/tile003550_t9-18_x0-31_y124-155_z126-135.score.json
local_ring,269,RING2,2,6984,18,27,0,31,155,186,126,135,7821,1.223226985110021e-09,2.42106974029642e-07,0.005052423582644328,2.5567916831482836e-08,N301_v1_sigma4_R3/tiles/tile006984_t18-27_x0-31_y155-186_z126-135.score.json
local_ring,270,RING2,2,6950,18,27,0,31,124,155,126,135,10911,1.223226985110021e-09,2.4214847475531427e-07,0.005051557670747524,3.5678765614615576e-08,N301_v1_sigma4_R3/tiles/tile006950_t18-27_x0-31_y124-155_z126-135.score.json
local_ring,271,RING2,2,220,0,9,0,31,186,217,144,153,562,8.124021074778633e-10,1.6759946874136995e-07,0.004847283309301633,1.9751517519804307e-09,N301_v1_sigma4_R3/tiles/tile000220_t0-9_x0-31_y186-217_z144-153.score.json
local_ring,272,RING2,2,3620,9,18,0,31,186,217,144,153,527,6.25241394363156e-10,1.3049966102789417e-07,0.00479113424079708,1.5860425616749655e-09,N301_v1_sigma4_R3/tiles/tile003620_t9-18_x0-31_y186-217_z144-153.score.json
local_ring,273,RING2,2,7020,18,27,0,31,186,217,144,153,225,4.2188915084012663e-10,8.963620337702974e-08,0.00470668251159152,5.681560940855833e-10,N301_v1_sigma4_R3/tiles/tile007020_t18-27_x0-31_y186-217_z144-153.score.json
local_ring,274,RING2,2,219,0,9,0,31,186,217,135,144,373,6.733775711229892e-10,1.545867272942093e-07,0.004355985684601614,1.2388722336047192e-09,N301_v1_sigma4_R3/tiles/tile000219_t0-9_x0-31_y186-217_z135-144.score.json
local_ring,275,RING2,2,3619,9,18,0,31,186,217,135,144,302,5.181165865278475e-10,1.204206576541073e-07,0.004302555696183542,8.691950871085243e-10,N301_v1_sigma4_R3/tiles/tile003619_t9-18_x0-31_y186-217_z135-144.score.json
local_ring,276,RING2,2,7019,18,27,0,31,186,217,135,144,91,3.49472154632737e-10,8.276831208456271e-08,0.004222294086119436,2.1980244349078112e-10,N301_v1_sigma4_R3/tiles/tile007019_t18-27_x0-31_y186-217_z135-144.score.json
local_ring,277,RING2,2,148,0,9,0,31,124,155,108,117,1937,8.124021074778633e-10,2.0951995590680455e-07,0.003877445009769015,7.041522296450472e-09,N301_v1_sigma4_R3/tiles/tile000148_t0-9_x0-31_y124-155_z108-117.score.json
local_ring,278,RING2,2,3548,9,18,0,31,124,155,108,117,1860,6.252413943631428e-10,1.6293526269662914e-07,0.003837360826718562,5.830036727670786e-09,N301_v1_sigma4_R3/tiles/tile003548_t9-18_x0-31_y124-155_z108-117.score.json
local_ring,279,RING2,2,6948,18,27,0,31,124,155,108,117,930,4.2188915084012663e-10,1.1170292525628999e-07,0.0037768854295637173,2.4284338957940245e-09,N301_v1_sigma4_R3/tiles/tile006948_t18-27_x0-31_y124-155_z108-117.score.json
local_ring,280,RING2,2,182,0,9,0,31,155,186,108,117,1043,7.380435311713571e-10,2.0148489982362896e-07,0.003663021555547875,3.654631557740934e-09,N301_v1_sigma4_R3/tiles/tile000182_t0-9_x0-31_y155-186_z108-117.score.json
local_ring,281,RING2,2,3582,9,18,0,31,155,186,108,117,933,5.679451851692054e-10,1.5672206672865802e-07,0.00362390055864004,2.8446287046066192e-09,N301_v1_sigma4_R3/tiles/tile003582_t9-18_x0-31_y155-186_z108-117.score.json
local_ring,282,RING2,2,6982,18,27,0,31,155,186,108,117,408,3.8315718605257153e-10,1.0747994061729143e-07,0.0035649181033407546,1.0463923471563787e-09,N301_v1_sigma4_R3/tiles/tile006982_t18-27_x0-31_y155-186_z108-117.score.json
local_ring,283,RING2,2,218,0,9,0,31,186,217,126,135,76,3.28293452901124e-10,1.0864928850036516e-07,0.0030215886126122274,2.2713084781828056e-10,N301_v1_sigma4_R3/tiles/tile000218_t0-9_x0-31_y186-217_z126-135.score.json
local_ring,284,RING2,2,6983,18,27,0,31,155,186,117,126,3688,6.09201228410339e-10,2.1329920814754292e-07,0.0028560876231145853,1.1290208527376413e-08,N301_v1_sigma4_R3/tiles/tile006983_t18-27_x0-31_y155-186_z117-126.score.json
local_ring,285,RING2,2,6916,18,27,0,31,93,124,126,135,714,4.0940989696272235e-10,1.4341549407336283e-07,0.0028547117562715547,1.9501577265540655e-09,N301_v1_sigma4_R3/tiles/tile006916_t18-27_x0-31_y93-124_z126-135.score.json
local_ring,286,RING2,2,3583,9,18,0,31,155,186,117,126,5068,8.929949154496627e-10,3.1325916242889097e-07,0.0028506585682146496,1.9294912560567007e-08,N301_v1_sigma4_R3/tiles/tile003583_t9-18_x0-31_y155-186_z117-126.score.json
local_ring,287,RING2,2,183,0,9,0,31,155,186,117,126,4218,1.152850489831314e-09,4.046368136165955e-07,0.0028490993677200895,1.9287931549884113e-08,N301_v1_sigma4_R3/tiles/tile000183_t0-9_x0-31_y155-186_z117-126.score.json
local_ring,288,RING2,2,3516,9,18,0,31,93,124,126,135,1226,5.962515421021961e-10,2.096768882500633e-07,0.002843668403696925,4.0516614133206925e-09,N301_v1_sigma4_R3/tiles/tile003516_t9-18_x0-31_y93-124_z126-135.score.json
local_ring,289,RING2,2,116,0,9,0,31,93,124,126,135,1165,7.661707754481312e-10,2.700380012269578e-07,0.002837270206292893,4.505989160930292e-09,N301_v1_sigma4_R3/tiles/tile000116_t0-9_x0-31_y93-124_z126-135.score.json
local_ring,290,RING2,2,6949,18,27,0,31,124,155,117,126,6001,6.09201228410339e-10,2.1801256247312463e-07,0.0027943400210501076,1.8974629038654898e-08,N301_v1_sigma4_R3/tiles/tile006949_t18-27_x0-31_y124-155_z117-126.score.json
local_ring,291,RING2,2,3549,9,18,0,31,124,155,117,126,7798,8.929949154496627e-10,3.2028798016518545e-07,0.002788099993602973,3.104876134690474e-08,N301_v1_sigma4_R3/tiles/tile003549_t9-18_x0-31_y124-155_z117-126.score.json
local_ring,292,RING2,2,149,0,9,0,31,124,155,117,126,6189,1.152850489831314e-09,4.138057992883141e-07,0.0027859698723750356,3.008471588361543e-08,N301_v1_sigma4_R3/tiles/tile000149_t0-9_x0-31_y124-155_z117-126.score.json
local_ring,293,RING2,2,3618,9,18,0,31,186,217,126,135,32,2.2309924353830737e-10,8.479392838571807e-08,0.0026310756888565648,8.327052106469078e-11,N301_v1_sigma4_R3/tiles/tile003618_t9-18_x0-31_y186-217_z126-135.score.json
local_ring,294,RING2,2,6915,18,27,0,31,93,124,117,126,47,2.10477682551917e-10,8.146620062061954e-08,0.002583619721411728,1.1226316652499796e-10,N301_v1_sigma4_R3/tiles/tile006915_t18-27_x0-31_y93-124_z117-126.score.json
local_ring,295,RING2,2,3515,9,18,0,31,93,124,117,126,176,3.036190965521027e-10,1.1851027280735872e-07,0.002561964371186984,4.989759263540902e-10,N301_v1_sigma4_R3/tiles/tile003515_t9-18_x0-31_y93-124_z117-126.score.json
local_ring,296,RING2,2,115,0,9,0,31,93,124,117,126,249,3.8754512843799513e-10,1.5212073546749247e-07,0.00254761540066845,8.054478492119347e-10,N301_v1_sigma4_R3/tiles/tile000115_t0-9_x0-31_y93-124_z117-126.score.json
local_ring,297,RING2,2,6917,18,27,0,31,93,124,135,144,1676,4.0982663713785783e-10,1.8697656773832242e-07,0.002191860948647954,5.014421369684605e-09,N301_v1_sigma4_R3/tiles/tile006917_t18-27_x0-31_y93-124_z135-144.score.json
local_ring,298,RING2,2,3517,9,18,0,31,93,124,135,144,2413,5.969594845834451e-10,2.741310293942645e-07,0.0021776428808607355,8.89188728887984e-09,N301_v1_sigma4_R3/tiles/tile003517_t9-18_x0-31_y93-124_z135-144.score.json
local_ring,299,RING2,2,118,0,9,0,31,93,124,144,153,2518,8.124021074778633e-10,3.737933610164898e-07,0.002173398974418982,1.1598415467450665e-08,N301_v1_sigma4_R3/tiles/tile000118_t0-9_x0-31_y93-124_z144-153.score.json
local_ring,300,RING2,2,117,0,9,0,31,93,124,135,144,2070,7.672172996570585e-10,3.5369848426410864e-07,0.0021691280392487433,9.082739490594236e-09,N301_v1_sigma4_R3/tiles/tile000117_t0-9_x0-31_y93-124_z135-144.score.json
local_ring,301,RING2,2,3518,9,18,0,31,93,124,144,153,3015,6.25241394363156e-10,2.895802792271437e-07,0.002159129744718297,1.159237025188205e-08,N301_v1_sigma4_R3/tiles/tile003518_t9-18_x0-31_y93-124_z144-153.score.json
local_ring,302,RING2,2,6918,18,27,0,31,93,124,144,153,2200,4.2188915084012663e-10,1.973839107540654e-07,0.002137403951661431,6.8019375076594834e-09,N301_v1_sigma4_R3/tiles/tile006918_t18-27_x0-31_y93-124_z144-153.score.json
local_ring,303,RING2,2,114,0,9,0,31,93,124,108,117,0,nan,nan,nan,nan,N301_v1_sigma4_R3/tiles/tile000114_t0-9_x0-31_y93-124_z108-117.score.json
local_ring,304,RING2,2,216,0,9,0,31,186,217,108,117,0,nan,nan,nan,nan,N301_v1_sigma4_R3/tiles/tile000216_t0-9_x0-31_y186-217_z108-117.score.json
local_ring,305,RING2,2,217,0,9,0,31,186,217,117,126,0,nan,nan,nan,nan,N301_v1_sigma4_R3/tiles/tile000217_t0-9_x0-31_y186-217_z117-126.score.json
local_ring,306,RING2,2,250,0,9,0,31,217,248,108,117,0,nan,nan,nan,nan,N301_v1_sigma4_R3/tiles/tile000250_t0-9_x0-31_y217-248_z108-117.score.json
local_ring,307,RING2,2,251,0,9,0,31,217,248,117,126,0,nan,nan,nan,nan,N301_v1_sigma4_R3/tiles/tile000251_t0-9_x0-31_y217-248_z117-126.score.json
local_ring,308,RING2,2,252,0,9,0,31,217,248,126,135,0,nan,nan,nan,nan,N301_v1_sigma4_R3/tiles/tile000252_t0-9_x0-31_y217-248_z126-135.score.json
local_ring,309,RING2,2,253,0,9,0,31,217,248,135,144,0,nan,nan,nan,nan,N301_v1_sigma4_R3/tiles/tile000253_t0-9_x0-31_y217-248_z135-144.score.json
local_ring,310,RING2,2,254,0,9,0,31,217,248,144,153,0,nan,nan,nan,nan,N301_v1_sigma4_R3/tiles/tile000254_t0-9_x0-31_y217-248_z144-153.score.json
local_ring,311,RING2,2,1172,0,9,93,124,124,155,144,153,0,nan,nan,nan,nan,N301_v1_sigma4_R3/tiles/tile001172_t0-9_x93-124_y124-155_z144-153.score.json
local_ring,312,RING2,2,1206,0,9,93,124,155,186,144,153,0,nan,nan,nan,nan,N301_v1_sigma4_R3/tiles/tile001206_t0-9_x93-124_y155-186_z144-153.score.json
local_ring,313,RING2,2,1477,0,9,124,155,93,124,135,144,0,nan,nan,nan,nan,N301_v1_sigma4_R3/tiles/tile001477_t0-9_x124-155_y93-124_z135-144.score.json
local_ring,314,RING2,2,1478,0,9,124,155,93,124,144,153,0,nan,nan,nan,nan,N301_v1_sigma4_R3/tiles/tile001478_t0-9_x124-155_y93-124_z144-153.score.json
local_ring,315,RING2,2,1508,0,9,124,155,124,155,108,117,0,nan,nan,nan,nan,N301_v1_sigma4_R3/tiles/tile001508_t0-9_x124-155_y124-155_z108-117.score.json
local_ring,316,RING2,2,1509,0,9,124,155,124,155,117,126,0,nan,nan,nan,nan,N301_v1_sigma4_R3/tiles/tile001509_t0-9_x124-155_y124-155_z117-126.score.json
local_ring,317,RING2,2,1510,0,9,124,155,124,155,126,135,0,nan,nan,nan,nan,N301_v1_sigma4_R3/tiles/tile001510_t0-9_x124-155_y124-155_z126-135.score.json
local_ring,318,RING2,2,1511,0,9,124,155,124,155,135,144,0,nan,nan,nan,nan,N301_v1_sigma4_R3/tiles/tile001511_t0-9_x124-155_y124-155_z135-144.score.json
local_ring,319,RING2,2,1512,0,9,124,155,124,155,144,153,0,nan,nan,nan,nan,N301_v1_sigma4_R3/tiles/tile001512_t0-9_x124-155_y124-155_z144-153.score.json
local_ring,320,RING2,2,1542,0,9,124,155,155,186,108,117,0,nan,nan,nan,nan,N301_v1_sigma4_R3/tiles/tile001542_t0-9_x124-155_y155-186_z108-117.score.json
local_ring,321,RING2,2,1543,0,9,124,155,155,186,117,126,0,nan,nan,nan,nan,N301_v1_sigma4_R3/tiles/tile001543_t0-9_x124-155_y155-186_z117-126.score.json
local_ring,322,RING2,2,1544,0,9,124,155,155,186,126,135,0,nan,nan,nan,nan,N301_v1_sigma4_R3/tiles/tile001544_t0-9_x124-155_y155-186_z126-135.score.json
local_ring,323,RING2,2,1545,0,9,124,155,155,186,135,144,0,nan,nan,nan,nan,N301_v1_sigma4_R3/tiles/tile001545_t0-9_x124-155_y155-186_z135-144.score.json
local_ring,324,RING2,2,1546,0,9,124,155,155,186,144,153,0,nan,nan,nan,nan,N301_v1_sigma4_R3/tiles/tile001546_t0-9_x124-155_y155-186_z144-153.score.json
local_ring,325,RING2,2,3514,9,18,0,31,93,124,108,117,0,nan,nan,nan,nan,N301_v1_sigma4_R3/tiles/tile003514_t9-18_x0-31_y93-124_z108-117.score.json
local_ring,326,RING2,2,3616,9,18,0,31,186,217,108,117,0,nan,nan,nan,nan,N301_v1_sigma4_R3/tiles/tile003616_t9-18_x0-31_y186-217_z108-117.score.json
local_ring,327,RING2,2,3617,9,18,0,31,186,217,117,126,0,nan,nan,nan,nan,N301_v1_sigma4_R3/tiles/tile003617_t9-18_x0-31_y186-217_z117-126.score.json
local_ring,328,RING2,2,3650,9,18,0,31,217,248,108,117,0,nan,nan,nan,nan,N301_v1_sigma4_R3/tiles/tile003650_t9-18_x0-31_y217-248_z108-117.score.json
local_ring,329,RING2,2,3651,9,18,0,31,217,248,117,126,0,nan,nan,nan,nan,N301_v1_sigma4_R3/tiles/tile003651_t9-18_x0-31_y217-248_z117-126.score.json
local_ring,330,RING2,2,3652,9,18,0,31,217,248,126,135,0,nan,nan,nan,nan,N301_v1_sigma4_R3/tiles/tile003652_t9-18_x0-31_y217-248_z126-135.score.json
local_ring,331,RING2,2,3653,9,18,0,31,217,248,135,144,0,nan,nan,nan,nan,N301_v1_sigma4_R3/tiles/tile003653_t9-18_x0-31_y217-248_z135-144.score.json
local_ring,332,RING2,2,3654,9,18,0,31,217,248,144,153,0,nan,nan,nan,nan,N301_v1_sigma4_R3/tiles/tile003654_t9-18_x0-31_y217-248_z144-153.score.json
local_ring,333,RING2,2,4572,9,18,93,124,124,155,144,153,0,nan,nan,nan,nan,N301_v1_sigma4_R3/tiles/tile004572_t9-18_x93-124_y124-155_z144-153.score.json
local_ring,334,RING2,2,4606,9,18,93,124,155,186,144,153,0,nan,nan,nan,nan,N301_v1_sigma4_R3/tiles/tile004606_t9-18_x93-124_y155-186_z144-153.score.json
local_ring,335,RING2,2,4876,9,18,124,155,93,124,126,135,0,nan,nan,nan,nan,N301_v1_sigma4_R3/tiles/tile004876_t9-18_x124-155_y93-124_z126-135.score.json
local_ring,336,RING2,2,4877,9,18,124,155,93,124,135,144,0,nan,nan,nan,nan,N301_v1_sigma4_R3/tiles/tile004877_t9-18_x124-155_y93-124_z135-144.score.json
local_ring,337,RING2,2,4878,9,18,124,155,93,124,144,153,0,nan,nan,nan,nan,N301_v1_sigma4_R3/tiles/tile004878_t9-18_x124-155_y93-124_z144-153.score.json
local_ring,338,RING2,2,4908,9,18,124,155,124,155,108,117,0,nan,nan,nan,nan,N301_v1_sigma4_R3/tiles/tile004908_t9-18_x124-155_y124-155_z108-117.score.json
local_ring,339,RING2,2,4909,9,18,124,155,124,155,117,126,0,nan,nan,nan,nan,N301_v1_sigma4_R3/tiles/tile004909_t9-18_x124-155_y124-155_z117-126.score.json
local_ring,340,RING2,2,4910,9,18,124,155,124,155,126,135,0,nan,nan,nan,nan,N301_v1_sigma4_R3/tiles/tile004910_t9-18_x124-155_y124-155_z126-135.score.json
local_ring,341,RING2,2,4911,9,18,124,155,124,155,135,144,0,nan,nan,nan,nan,N301_v1_sigma4_R3/tiles/tile004911_t9-18_x124-155_y124-155_z135-144.score.json
local_ring,342,RING2,2,4912,9,18,124,155,124,155,144,153,0,nan,nan,nan,nan,N301_v1_sigma4_R3/tiles/tile004912_t9-18_x124-155_y124-155_z144-153.score.json
local_ring,343,RING2,2,4942,9,18,124,155,155,186,108,117,0,nan,nan,nan,nan,N301_v1_sigma4_R3/tiles/tile004942_t9-18_x124-155_y155-186_z108-117.score.json
local_ring,344,RING2,2,4943,9,18,124,155,155,186,117,126,0,nan,nan,nan,nan,N301_v1_sigma4_R3/tiles/tile004943_t9-18_x124-155_y155-186_z117-126.score.json
local_ring,345,RING2,2,4944,9,18,124,155,155,186,126,135,0,nan,nan,nan,nan,N301_v1_sigma4_R3/tiles/tile004944_t9-18_x124-155_y155-186_z126-135.score.json
local_ring,346,RING2,2,4945,9,18,124,155,155,186,135,144,0,nan,nan,nan,nan,N301_v1_sigma4_R3/tiles/tile004945_t9-18_x124-155_y155-186_z135-144.score.json
local_ring,347,RING2,2,4946,9,18,124,155,155,186,144,153,0,nan,nan,nan,nan,N301_v1_sigma4_R3/tiles/tile004946_t9-18_x124-155_y155-186_z144-153.score.json
local_ring,348,RING2,2,6914,18,27,0,31,93,124,108,117,0,nan,nan,nan,nan,N301_v1_sigma4_R3/tiles/tile006914_t18-27_x0-31_y93-124_z108-117.score.json
local_ring,349,RING2,2,7016,18,27,0,31,186,217,108,117,0,nan,nan,nan,nan,N301_v1_sigma4_R3/tiles/tile007016_t18-27_x0-31_y186-217_z108-117.score.json
local_ring,350,RING2,2,7017,18,27,0,31,186,217,117,126,0,nan,nan,nan,nan,N301_v1_sigma4_R3/tiles/tile007017_t18-27_x0-31_y186-217_z117-126.score.json
local_ring,351,RING2,2,7018,18,27,0,31,186,217,126,135,0,nan,nan,nan,nan,N301_v1_sigma4_R3/tiles/tile007018_t18-27_x0-31_y186-217_z126-135.score.json
local_ring,352,RING2,2,7050,18,27,0,31,217,248,108,117,0,nan,nan,nan,nan,N301_v1_sigma4_R3/tiles/tile007050_t18-27_x0-31_y217-248_z108-117.score.json
local_ring,353,RING2,2,7051,18,27,0,31,217,248,117,126,0,nan,nan,nan,nan,N301_v1_sigma4_R3/tiles/tile007051_t18-27_x0-31_y217-248_z117-126.score.json
local_ring,354,RING2,2,7052,18,27,0,31,217,248,126,135,0,nan,nan,nan,nan,N301_v1_sigma4_R3/tiles/tile007052_t18-27_x0-31_y217-248_z126-135.score.json
local_ring,355,RING2,2,7053,18,27,0,31,217,248,135,144,0,nan,nan,nan,nan,N301_v1_sigma4_R3/tiles/tile007053_t18-27_x0-31_y217-248_z135-144.score.json
local_ring,356,RING2,2,7054,18,27,0,31,217,248,144,153,0,nan,nan,nan,nan,N301_v1_sigma4_R3/tiles/tile007054_t18-27_x0-31_y217-248_z144-153.score.json
local_ring,357,RING2,2,7969,18,27,93,124,124,155,117,126,0,nan,nan,nan,nan,N301_v1_sigma4_R3/tiles/tile007969_t18-27_x93-124_y124-155_z117-126.score.json
local_ring,358,RING2,2,7970,18,27,93,124,124,155,126,135,0,nan,nan,nan,nan,N301_v1_sigma4_R3/tiles/tile007970_t18-27_x93-124_y124-155_z126-135.score.json
local_ring,359,RING2,2,7971,18,27,93,124,124,155,135,144,0,nan,nan,nan,nan,N301_v1_sigma4_R3/tiles/tile007971_t18-27_x93-124_y124-155_z135-144.score.json
local_ring,360,RING2,2,7972,18,27,93,124,124,155,144,153,0,nan,nan,nan,nan,N301_v1_sigma4_R3/tiles/tile007972_t18-27_x93-124_y124-155_z144-153.score.json
local_ring,361,RING2,2,8004,18,27,93,124,155,186,126,135,0,nan,nan,nan,nan,N301_v1_sigma4_R3/tiles/tile008004_t18-27_x93-124_y155-186_z126-135.score.json
local_ring,362,RING2,2,8005,18,27,93,124,155,186,135,144,0,nan,nan,nan,nan,N301_v1_sigma4_R3/tiles/tile008005_t18-27_x93-124_y155-186_z135-144.score.json
local_ring,363,RING2,2,8006,18,27,93,124,155,186,144,153,0,nan,nan,nan,nan,N301_v1_sigma4_R3/tiles/tile008006_t18-27_x93-124_y155-186_z144-153.score.json
local_ring,364,RING2,2,8277,18,27,124,155,93,124,135,144,0,nan,nan,nan,nan,N301_v1_sigma4_R3/tiles/tile008277_t18-27_x124-155_y93-124_z135-144.score.json
local_ring,365,RING2,2,8278,18,27,124,155,93,124,144,153,0,nan,nan,nan,nan,N301_v1_sigma4_R3/tiles/tile008278_t18-27_x124-155_y93-124_z144-153.score.json
local_ring,366,RING2,2,8308,18,27,124,155,124,155,108,117,0,nan,nan,nan,nan,N301_v1_sigma4_R3/tiles/tile008308_t18-27_x124-155_y124-155_z108-117.score.json
local_ring,367,RING2,2,8309,18,27,124,155,124,155,117,126,0,nan,nan,nan,nan,N301_v1_sigma4_R3/tiles/tile008309_t18-27_x124-155_y124-155_z117-126.score.json
local_ring,368,RING2,2,8310,18,27,124,155,124,155,126,135,0,nan,nan,nan,nan,N301_v1_sigma4_R3/tiles/tile008310_t18-27_x124-155_y124-155_z126-135.score.json
local_ring,369,RING2,2,8311,18,27,124,155,124,155,135,144,0,nan,nan,nan,nan,N301_v1_sigma4_R3/tiles/tile008311_t18-27_x124-155_y124-155_z135-144.score.json
local_ring,370,RING2,2,8312,18,27,124,155,124,155,144,153,0,nan,nan,nan,nan,N301_v1_sigma4_R3/tiles/tile008312_t18-27_x124-155_y124-155_z144-153.score.json
local_ring,371,RING2,2,8342,18,27,124,155,155,186,108,117,0,nan,nan,nan,nan,N301_v1_sigma4_R3/tiles/tile008342_t18-27_x124-155_y155-186_z108-117.score.json
local_ring,372,RING2,2,8343,18,27,124,155,155,186,117,126,0,nan,nan,nan,nan,N301_v1_sigma4_R3/tiles/tile008343_t18-27_x124-155_y155-186_z117-126.score.json
local_ring,373,RING2,2,8344,18,27,124,155,155,186,126,135,0,nan,nan,nan,nan,N301_v1_sigma4_R3/tiles/tile008344_t18-27_x124-155_y155-186_z126-135.score.json
local_ring,374,RING2,2,8345,18,27,124,155,155,186,135,144,0,nan,nan,nan,nan,N301_v1_sigma4_R3/tiles/tile008345_t18-27_x124-155_y155-186_z135-144.score.json
local_ring,375,RING2,2,8346,18,27,124,155,155,186,144,153,0,nan,nan,nan,nan,N301_v1_sigma4_R3/tiles/tile008346_t18-27_x124-155_y155-186_z144-153.score.json
global_top_ratio,1,,,864,0,9,62,93,155,186,126,135,34609,0.01957370339842047,0.007637379653496855,2.5628820729709885,0.0003008951317725123,N301_v1_sigma4_R3/tiles/tile000864_t0-9_x62-93_y155-186_z126-135.score.json
global_top_ratio,2,,,78692,207,216,31,62,124,155,144,153,55214,0.0003169829433187919,0.0006256061671948824,0.5066812955826386,7.957795368662518e-05,N301_v1_sigma4_R3/tiles/tile078692_t207-216_x31-62_y124-155_z144-153.score.json
global_top_ratio,3,,,77672,198,207,248,279,124,155,144,153,55312,0.000321644692403191,0.0006349684011540374,0.5065522816861606,8.08665802109368e-05,N301_v1_sigma4_R3/tiles/tile077672_t198-207_x248-279_y124-155_z144-153.score.json
global_top_ratio,4,,,77673,198,207,248,279,124,155,153,162,54768,0.00031554275009541935,0.0006349684011540374,0.4969424455168623,9.659219692606638e-05,N301_v1_sigma4_R3/tiles/tile077673_t198-207_x248-279_y124-155_z153-162.score.json
global_top_ratio,5,,,78693,207,216,31,62,124,155,153,162,54651,0.00031088579389227544,0.0006256061671948824,0.4969353088161477,9.505373115226547e-05,N301_v1_sigma4_R3/tiles/tile078693_t207-216_x31-62_y124-155_z153-162.score.json
global_top_ratio,6,,,74272,189,198,248,279,124,155,144,153,53362,0.00023880320957233396,0.0004823094653369946,0.4951244516950951,6.0159429418908016e-05,N301_v1_sigma4_R3/tiles/tile074272_t189-198_x248-279_y124-155_z144-153.score.json
global_top_ratio,7,,,82092,216,225,31,62,124,155,144,153,53280,0.00023439530766053554,0.0004747756494523804,0.493696987052503,5.915522107874599e-05,N301_v1_sigma4_R3/tiles/tile082092_t216-225_x31-62_y124-155_z144-153.score.json
global_top_ratio,8,,,75292,198,207,31,62,124,155,144,153,56919,0.00039685383327439563,0.0008115970633022823,0.48897889262887334,0.00010551028438411932,N301_v1_sigma4_R3/tiles/tile075292_t198-207_x31-62_y124-155_z144-153.score.json
global_top_ratio,9,,,81072,207,216,248,279,124,155,144,153,57038,0.0004008467971892353,0.0008230219806247389,0.48704263874576087,0.00010712827456754666,N301_v1_sigma4_R3/tiles/tile081072_t207-216_x248-279_y124-155_z144-153.score.json
global_top_ratio,10,,,74273,189,198,248,279,124,155,153,162,52947,0.00023322116254549807,0.00048228000014919166,0.4835804148489506,7.186881459643624e-05,N301_v1_sigma4_R3/tiles/tile074273_t189-198_x248-279_y124-155_z153-162.score.json
global_top_ratio,11,,,75293,198,207,31,62,124,155,153,162,56394,0.00039126073539235735,0.0008115486667019756,0.4821161705340337,0.00012601205930460482,N301_v1_sigma4_R3/tiles/tile075293_t198-207_x31-62_y124-155_z153-162.score.json
global_top_ratio,12,,,82093,216,225,31,62,124,155,153,162,52866,0.00022886372403023927,0.000474766279073981,0.4820555589513052,7.066973635829369e-05,N301_v1_sigma4_R3/tiles/tile082093_t216-225_x31-62_y124-155_z153-162.score.json
global_top_ratio,13,,,81073,207,216,248,279,124,155,153,162,56502,0.0003953224523626437,0.000822989902763936,0.4803490918114421,0.0001279435593109691,N301_v1_sigma4_R3/tiles/tile081073_t207-216_x248-279_y124-155_z153-162.score.json
global_top_ratio,14,,,77706,198,207,248,279,155,186,144,153,52151,0.00030474338774138827,0.0006349684011540374,0.47993472933066533,0.00010494075036752104,N301_v1_sigma4_R3/tiles/tile077706_t198-207_x248-279_y155-186_z144-153.score.json
global_top_ratio,15,,,78726,207,216,31,62,155,186,144,153,52059,0.0003001044436056999,0.0006256061671948824,0.4797018625173087,0.00010319875709626323,N301_v1_sigma4_R3/tiles/tile078726_t207-216_x31-62_y155-186_z144-153.score.json
global_top_ratio,16,,,77707,198,207,248,279,155,186,153,162,51649,0.0002987050449527308,0.0006349684011540374,0.4704250548686245,0.00011022531028062541,N301_v1_sigma4_R3/tiles/tile077707_t198-207_x248-279_y155-186_z153-162.score.json
global_top_ratio,17,,,78727,207,216,31,62,155,186,153,162,51532,0.00029408140253446097,0.0006256061671948824,0.47007433423023104,0.00010839017525675802,N301_v1_sigma4_R3/tiles/tile078727_t207-216_x31-62_y155-186_z153-162.score.json
global_top_ratio,18,,,75326,198,207,31,62,155,186,144,153,53825,0.000381163961144649,0.0008115970633022823,0.46964679688926264,0.00013864745375622478,N301_v1_sigma4_R3/tiles/tile075326_t198-207_x31-62_y155-186_z144-153.score.json
global_top_ratio,19,,,81106,207,216,248,279,155,186,144,153,53940,0.00038533400386590795,0.0008230219806247389,0.46819406156492793,0.00014088635882298666,N301_v1_sigma4_R3/tiles/tile081106_t207-216_x248-279_y155-186_z144-153.score.json
global_top_ratio,20,,,74306,189,198,248,279,155,186,144,153,50371,0.00022347211193771054,0.0004823094653369946,0.4633376037552327,7.720123905282229e-05,N301_v1_sigma4_R3/tiles/tile074306_t189-198_x248-279_y155-186_z144-153.score.json
global_top_ratio,21,,,75327,198,207,31,62,155,186,153,162,53354,0.0003754092624348635,0.0008115486667019756,0.4625837954493551,0.0001457595935337396,N301_v1_sigma4_R3/tiles/tile075327_t198-207_x31-62_y155-186_z153-162.score.json
global_top_ratio,22,,,82126,216,225,31,62,155,186,144,153,50270,0.00021920868293994863,0.0004747756494523804,0.461710037557297,7.586990393374303e-05,N301_v1_sigma4_R3/tiles/tile082126_t216-225_x31-62_y155-186_z144-153.score.json
global_top_ratio,23,,,81107,207,216,248,279,155,186,153,162,53449,0.00037963247038166203,0.000822989902763936,0.46128448126362337,0.0001481215136857508,N301_v1_sigma4_R3/tiles/tile081107_t207-216_x248-279_y155-186_z153-162.score.json
global_top_ratio,24,,,70872,180,189,248,279,124,155,144,153,51562,0.00016555702967799377,0.0003609882966445406,0.4586215985861036,4.41678864767627e-05,N301_v1_sigma4_R3/tiles/tile070872_t180-189_x248-279_y124-155_z144-153.score.json
global_top_ratio,25,,,85492,225,234,31,62,124,155,144,153,51448,0.00016192230973821232,0.00035508717651078653,0.4560072017506202,4.3400556652057495e-05,N301_v1_sigma4_R3/tiles/tile085492_t225-234_x31-62_y124-155_z144-153.score.json
global_top_ratio,26,,,77671,198,207,248,279,124,155,135,144,53937,0.00028870732077109884,0.0006349545163525948,0.45468976648837256,0.00011499796962643918,N301_v1_sigma4_R3/tiles/tile077671_t198-207_x248-279_y124-155_z135-144.score.json
global_top_ratio,27,,,78691,207,216,31,62,124,155,135,144,53830,0.0002841165730957825,0.000625570139568774,0.454172210476084,0.00011314919130238487,N301_v1_sigma4_R3/tiles/tile078691_t207-216_x31-62_y124-155_z135-144.score.json
global_top_ratio,28,,,74307,189,198,248,279,155,186,153,162,49853,0.00021809227533480929,0.00048228000014919166,0.4522109050081761,8.102014599131976e-05,N301_v1_sigma4_R3/tiles/tile074307_t189-198_x248-279_y155-186_z153-162.score.json
global_top_ratio,29,,,75291,198,207,31,62,124,155,135,144,55649,0.0003657212565431722,0.0008115486667019717,0.4506461184015197,0.0001504348531598623,N301_v1_sigma4_R3/tiles/tile075291_t198-207_x31-62_y124-155_z135-144.score.json
global_top_ratio,30,,,82127,216,225,31,62,155,186,153,162,49769,0.00021388397172194932,0.000474766279073981,0.4505037134042551,7.961945581656209e-05,N301_v1_sigma4_R3/tiles/tile082127_t216-225_x31-62_y155-186_z153-162.score.json
global_top_ratio,31,,,81071,207,216,248,279,124,155,135,144,55747,0.0003700215326167233,0.000822989902763932,0.4496064063168233,0.00015276669238165313,N301_v1_sigma4_R3/tiles/tile081071_t207-216_x248-279_y124-155_z135-144.score.json
global_top_ratio,32,,,70873,180,189,248,279,124,155,153,162,51080,0.00016106849468144085,0.0003609882966445406,0.44618758053544993,5.2772398200271675e-05,N301_v1_sigma4_R3/tiles/tile070873_t180-189_x248-279_y124-155_z153-162.score.json
global_top_ratio,33,,,85493,225,234,31,62,124,155,153,162,50981,0.00015750161689394017,0.00035508717651078653,0.4435576030697795,5.1855994213035904e-05,N301_v1_sigma4_R3/tiles/tile085493_t225-234_x31-62_y124-155_z153-162.score.json
global_top_ratio,34,,,71892,189,198,31,62,124,155,144,153,58667,0.0004548113041645234,0.0010357287124169979,0.4391220391130862,0.00013769763179445073,N301_v1_sigma4_R3/tiles/tile071892_t189-198_x31-62_y124-155_z144-153.score.json
global_top_ratio,35,,,71893,189,198,31,62,124,155,153,162,58243,0.00045118823222149474,0.0010357287124169979,0.43562394941103116,0.00016443617376126867,N301_v1_sigma4_R3/tiles/tile071893_t189-198_x31-62_y124-155_z153-162.score.json
global_top_ratio,36,,,84472,216,225,248,279,124,155,144,153,58768,0.0004569532367724674,0.0010493498288482168,0.4354632022707114,0.00013968128687130176,N301_v1_sigma4_R3/tiles/tile084472_t216-225_x248-279_y124-155_z144-153.score.json
global_top_ratio,37,,,74271,189,198,248,279,124,155,135,144,52150,0.00020928633411806816,0.00048226503278878596,0.4339653922405105,8.534396168526991e-05,N301_v1_sigma4_R3/tiles/tile074271_t189-198_x248-279_y124-155_z135-144.score.json
global_top_ratio,38,,,82091,216,225,31,62,124,155,135,144,52051,0.00020517285431945458,0.0004747396175621201,0.43217976071400344,8.390891292810457e-05,N301_v1_sigma4_R3/tiles/tile082091_t216-225_x31-62_y124-155_z135-144.score.json
global_top_ratio,39,,,84473,216,225,248,279,124,155,153,162,58328,0.0004534850560441784,0.0010493498288482168,0.43215812646763463,0.0001668042428185027,N301_v1_sigma4_R3/tiles/tile084473_t216-225_x248-279_y124-155_z153-162.score.json
global_top_ratio,40,,,75325,198,207,31,62,155,186,135,144,52574,0.00034937040382095085,0.0008115486667019717,0.43049840158169045,0.000152442336683139,N301_v1_sigma4_R3/tiles/tile075325_t198-207_x31-62_y155-186_z135-144.score.json
global_top_ratio,41,,,81105,207,216,248,279,155,186,135,144,52669,0.00035376661780982407,0.000822989902763932,0.429855356210001,0.00015493677550101697,N301_v1_sigma4_R3/tiles/tile081105_t207-216_x248-279_y155-186_z135-144.score.json
global_top_ratio,42,,,71926,189,198,31,62,155,186,144,153,55669,0.00044432900915180104,0.0010357287124169979,0.4290013435225772,0.0001837793656579616,N301_v1_sigma4_R3/tiles/tile071926_t189-198_x31-62_y155-186_z144-153.score.json
global_top_ratio,43,,,77705,198,207,248,279,155,186,135,144,50861,0.0002722925091726168,0.0006349545163525948,0.42883781776490404,0.00011498887529471802,N301_v1_sigma4_R3/tiles/tile077705_t198-207_x248-279_y155-186_z135-144.score.json
global_top_ratio,44,,,78725,207,216,31,62,155,186,135,144,50746,0.00026777672780801953,0.000625570139568774,0.4280522852203381,0.00011305862765375746,N301_v1_sigma4_R3/tiles/tile078725_t207-216_x31-62_y155-186_z135-144.score.json
global_top_ratio,45,,,84506,216,225,248,279,155,186,144,153,55754,0.000446886459115386,0.0010493498288482168,0.42586985467553345,0.00018660148896768253,N301_v1_sigma4_R3/tiles/tile084506_t216-225_x248-279_y155-186_z144-153.score.json
global_top_ratio,46,,,71927,189,198,31,62,155,186,153,162,55192,0.00044024554909946514,0.0010357287124169979,0.4250587473548928,0.00019340728680340794,N301_v1_sigma4_R3/tiles/tile071927_t189-198_x31-62_y155-186_z153-162.score.json
global_top_ratio,47,,,70906,180,189,248,279,155,186,144,153,48513,0.00015330396009151896,0.0003609882966445406,0.4246784771598147,5.615849128346825e-05,N301_v1_sigma4_R3/tiles/tile070906_t180-189_x248-279_y155-186_z144-153.score.json
global_top_ratio,48,,,84507,216,225,248,279,155,186,153,162,55278,0.0004429411202933754,0.0010493498288482168,0.4221100610266022,0.0001963891010415331,N301_v1_sigma4_R3/tiles/tile084507_t216-225_x248-279_y155-186_z153-162.score.json
global_top_ratio,49,,,85526,225,234,31,62,155,186,144,153,48409,0.00014985795260403863,0.00035508717651078653,0.4220314404946876,5.5157438974415595e-05,N301_v1_sigma4_R3/tiles/tile085526_t225-234_x31-62_y155-186_z144-153.score.json
global_top_ratio,50,,,71891,189,198,31,62,124,155,135,144,57481,0.0004331169088546891,0.0010357081774991321,0.41818430931047856,0.00019693813208277383,N301_v1_sigma4_R3/tiles/tile071891_t189-198_x31-62_y124-155_z135-144.score.json
global_top_abs_err,1,,,864,0,9,62,93,155,186,126,135,34609,0.01957370339842047,0.007637379653496855,2.5628820729709885,0.0003008951317725123,N301_v1_sigma4_R3/tiles/tile000864_t0-9_x62-93_y155-186_z126-135.score.json
global_top_abs_err,2,,,8210,18,27,124,155,31,62,144,153,68900,0.001352937581175502,0.03932194364714176,0.03440668124943627,0.021891296322434074,N301_v1_sigma4_R3/tiles/tile008210_t18-27_x124-155_y31-62_z144-153.score.json
global_top_abs_err,3,,,8302,18,27,124,155,124,155,54,63,77841,0.001352937581175502,0.039359896580260394,0.034373504473434555,0.0702718429571985,N301_v1_sigma4_R3/tiles/tile008302_t18-27_x124-155_y124-155_z54-63.score.json
global_top_abs_err,4,,,8322,18,27,124,155,124,155,234,243,77841,0.001352937581175502,0.03937785363627107,0.03435782949656014,0.08878440867884779,N301_v1_sigma4_R3/tiles/tile008322_t18-27_x124-155_y124-155_z234-243.score.json
global_top_abs_err,5,,,8414,18,27,124,155,217,248,144,153,77841,0.001352937581175502,0.03932194364714176,0.03440668124943627,0.03547543395125761,N301_v1_sigma4_R3/tiles/tile008414_t18-27_x124-155_y217-248_z144-153.score.json
global_top_abs_err,6,,,86750,225,234,155,186,31,62,144,153,66776,0.001352937581175502,0.03932194364714176,0.03440668124943627,0.01813793476467098,N301_v1_sigma4_R3/tiles/tile086750_t225-234_x155-186_y31-62_z144-153.score.json
global_top_abs_err,7,,,86842,225,234,155,186,124,155,54,63,77841,0.001352937581175502,0.039359896580260394,0.034373504473434555,0.058924497965345934,N301_v1_sigma4_R3/tiles/tile086842_t225-234_x155-186_y124-155_z54-63.score.json
global_top_abs_err,8,,,86862,225,234,155,186,124,155,234,243,77841,0.001352937581175502,0.03937785363627107,0.03435782949656014,0.0840763749318999,N301_v1_sigma4_R3/tiles/tile086862_t225-234_x155-186_y124-155_z234-243.score.json
global_top_abs_err,9,,,86954,225,234,155,186,217,248,144,153,77841,0.001352937581175502,0.03932194364714176,0.03440668124943627,0.03535800888143368,N301_v1_sigma4_R3/tiles/tile086954_t225-234_x155-186_y217-248_z144-153.score.json
global_top_abs_err,10,,,93550,243,252,155,186,31,62,144,153,67244,0.001352937581175502,0.03932194364714176,0.03440668124943627,0.018854281187133906,N301_v1_sigma4_R3/tiles/tile093550_t243-252_x155-186_y31-62_z144-153.score.json
global_top_abs_err,11,,,93642,243,252,155,186,124,155,54,63,77841,0.001352937581175502,0.039359896580260394,0.034373504473434555,0.061112659994737924,N301_v1_sigma4_R3/tiles/tile093642_t243-252_x155-186_y124-155_z54-63.score.json
global_top_abs_err,12,,,93662,243,252,155,186,124,155,234,243,77841,0.001352937581175502,0.03937785363627107,0.03435782949656014,0.08522257834898349,N301_v1_sigma4_R3/tiles/tile093662_t243-252_x155-186_y124-155_z234-243.score.json
global_top_abs_err,13,,,93754,243,252,155,186,217,248,144,153,77841,0.001352937581175502,0.03932194364714176,0.03440668124943627,0.03538912996100314,N301_v1_sigma4_R3/tiles/tile093754_t243-252_x155-186_y217-248_z144-153.score.json
global_top_abs_err,14,,,103750,270,279,155,186,31,62,144,153,67807,0.001352937581175502,0.03932194364714176,0.03440668124943627,0.019806310901146495,N301_v1_sigma4_R3/tiles/tile103750_t270-279_x155-186_y31-62_z144-153.score.json
global_top_abs_err,15,,,103842,270,279,155,186,124,155,54,63,77841,0.001352937581175502,0.039359896580260394,0.034373504473434555,0.06400472453792365,N301_v1_sigma4_R3/tiles/tile103842_t270-279_x155-186_y124-155_z54-63.score.json
global_top_abs_err,16,,,103862,270,279,155,186,124,155,234,243,77841,0.001352937581175502,0.03937785363627107,0.03435782949656014,0.08656363643365511,N301_v1_sigma4_R3/tiles/tile103862_t270-279_x155-186_y124-155_z234-243.score.json
global_top_abs_err,17,,,103954,270,279,155,186,217,248,144,153,77841,0.001352937581175502,0.03932194364714176,0.03440668124943627,0.03542392419211092,N301_v1_sigma4_R3/tiles/tile103954_t270-279_x155-186_y217-248_z144-153.score.json
global_top_abs_err,18,,,18410,45,54,124,155,31,62,144,153,68758,0.0013529375811754951,0.03932194364714176,0.03440668124943609,0.021723226170291324,N301_v1_sigma4_R3/tiles/tile018410_t45-54_x124-155_y31-62_z144-153.score.json
global_top_abs_err,19,,,18502,45,54,124,155,124,155,54,63,77841,0.0013529375811754951,0.039359896580260394,0.03437350447343438,0.0697701620328305,N301_v1_sigma4_R3/tiles/tile018502_t45-54_x124-155_y124-155_z54-63.score.json
global_top_abs_err,20,,,18522,45,54,124,155,124,155,234,243,77841,0.0013529375811754951,0.03937785363627107,0.034357829496559966,0.0886415232384779,N301_v1_sigma4_R3/tiles/tile018522_t45-54_x124-155_y124-155_z234-243.score.json
global_top_abs_err,21,,,18614,45,54,124,155,217,248,144,153,77841,0.0013529375811754951,0.03932194364714176,0.03440668124943609,0.03547249816375139,N301_v1_sigma4_R3/tiles/tile018614_t45-54_x124-155_y217-248_z144-153.score.json
global_top_abs_err,22,,,28610,72,81,124,155,31,62,144,153,68580,0.0013529375811754951,0.03932194364714176,0.03440668124943609,0.02136008435593759,N301_v1_sigma4_R3/tiles/tile028610_t72-81_x124-155_y31-62_z144-153.score.json
global_top_abs_err,23,,,28702,72,81,124,155,124,155,54,63,77841,0.0013529375811754951,0.039359896580260394,0.03437350447343438,0.06868405431104581,N301_v1_sigma4_R3/tiles/tile028702_t72-81_x124-155_y124-155_z54-63.score.json
global_top_abs_err,24,,,28722,72,81,124,155,124,155,234,243,77841,0.0013529375811754951,0.03937785363627107,0.034357829496559966,0.088311235137944,N301_v1_sigma4_R3/tiles/tile028722_t72-81_x124-155_y124-155_z234-243.score.json
global_top_abs_err,25,,,28814,72,81,124,155,217,248,144,153,77841,0.0013529375811754951,0.03932194364714176,0.03440668124943609,0.035465435554445056,N301_v1_sigma4_R3/tiles/tile028814_t72-81_x124-155_y217-248_z144-153.score.json
global_top_abs_err,26,,,38810,99,108,124,155,31,62,144,153,68392,0.0013529375811754951,0.03932194364714176,0.03440668124943609,0.020807095876180574,N301_v1_sigma4_R3/tiles/tile038810_t99-108_x124-155_y31-62_z144-153.score.json
global_top_abs_err,27,,,38902,99,108,124,155,124,155,54,63,77841,0.0013529375811754951,0.039359896580260394,0.03437350447343438,0.06702459271558243,N301_v1_sigma4_R3/tiles/tile038902_t99-108_x124-155_y124-155_z54-63.score.json
global_top_abs_err,28,,,38922,99,108,124,155,124,155,234,243,77841,0.0013529375811754951,0.03937785363627107,0.034357829496559966,0.08775154339923814,N301_v1_sigma4_R3/tiles/tile038922_t99-108_x124-155_y124-155_z234-243.score.json
global_top_abs_err,29,,,39014,99,108,124,155,217,248,144,153,77841,0.0013529375811754951,0.03932194364714176,0.03440668124943609,0.03545277794784659,N301_v1_sigma4_R3/tiles/tile039014_t99-108_x124-155_y217-248_z144-153.score.json
global_top_abs_err,30,,,45610,117,126,124,155,31,62,144,153,68132,0.0013529375811754951,0.03932194364714176,0.03440668124943609,0.020337109446610584,N301_v1_sigma4_R3/tiles/tile045610_t117-126_x124-155_y31-62_z144-153.score.json
global_top_abs_err,31,,,45702,117,126,124,155,124,155,54,63,77841,0.0013529375811754951,0.039359896580260394,0.03437350447343438,0.06560904386168623,N301_v1_sigma4_R3/tiles/tile045702_t117-126_x124-155_y124-155_z54-63.score.json
global_top_abs_err,32,,,45722,117,126,124,155,124,155,234,243,77841,0.0013529375811754951,0.03937785363627107,0.034357829496559966,0.0872218426926323,N301_v1_sigma4_R3/tiles/tile045722_t117-126_x124-155_y124-155_z234-243.score.json
global_top_abs_err,33,,,45814,117,126,124,155,217,248,144,153,77841,0.0013529375811754951,0.03932194364714176,0.03440668124943609,0.03544019264234103,N301_v1_sigma4_R3/tiles/tile045814_t117-126_x124-155_y217-248_z144-153.score.json
global_top_abs_err,34,,,55810,144,153,124,155,31,62,144,153,67630,0.0013529375811754951,0.03932194364714176,0.03440668124943609,0.01948909517946247,N301_v1_sigma4_R3/tiles/tile055810_t144-153_x124-155_y31-62_z144-153.score.json
global_top_abs_err,35,,,55902,144,153,124,155,124,155,54,63,77841,0.0013529375811754951,0.039359896580260394,0.03437350447343438,0.0630431510378862,N301_v1_sigma4_R3/tiles/tile055902_t144-153_x124-155_y124-155_z54-63.score.json
global_top_abs_err,36,,,55922,144,153,124,155,124,155,234,243,77841,0.0013529375811754951,0.03937785363627107,0.034357829496559966,0.08613976961848317,N301_v1_sigma4_R3/tiles/tile055922_t144-153_x124-155_y124-155_z234-243.score.json
global_top_abs_err,37,,,56014,144,153,124,155,217,248,144,153,77841,0.0013529375811754951,0.03932194364714176,0.03440668124943609,0.03541314261043725,N301_v1_sigma4_R3/tiles/tile056014_t144-153_x124-155_y217-248_z144-153.score.json
global_top_abs_err,38,,,66010,171,180,124,155,31,62,144,153,66992,0.0013529375811754951,0.03932194364714176,0.03440668124943609,0.018483823842201267,N301_v1_sigma4_R3/tiles/tile066010_t171-180_x124-155_y31-62_z144-153.score.json
global_top_abs_err,39,,,66102,171,180,124,155,124,155,54,63,77841,0.0013529375811754951,0.039359896580260394,0.03437350447343438,0.05998233057599162,N301_v1_sigma4_R3/tiles/tile066102_t171-180_x124-155_y124-155_z54-63.score.json
global_top_abs_err,40,,,66122,171,180,124,155,124,155,234,243,77841,0.0013529375811754951,0.03937785363627107,0.034357829496559966,0.0846446104425749,N301_v1_sigma4_R3/tiles/tile066122_t171-180_x124-155_y124-155_z234-243.score.json
global_top_abs_err,41,,,66214,171,180,124,155,217,248,144,153,77841,0.0013529375811754951,0.03932194364714176,0.03440668124943609,0.03537357927462615,N301_v1_sigma4_R3/tiles/tile066214_t171-180_x124-155_y217-248_z144-153.score.json
global_top_abs_err,42,,,76210,198,207,124,155,31,62,144,153,66296,0.0013529375811754882,0.03932194364714176,0.03440668124943592,0.017341660634316396,N301_v1_sigma4_R3/tiles/tile076210_t198-207_x124-155_y31-62_z144-153.score.json
global_top_abs_err,43,,,76302,198,207,124,155,124,155,54,63,77841,0.0013529375811754882,0.039359896580260394,0.0343735044734342,0.056480348420390854,N301_v1_sigma4_R3/tiles/tile076302_t198-207_x124-155_y124-155_z54-63.score.json
global_top_abs_err,44,,,76322,198,207,124,155,124,155,234,243,77841,0.0013529375811754882,0.03937785363627107,0.034357829496559786,0.0826625355706756,N301_v1_sigma4_R3/tiles/tile076322_t198-207_x124-155_y124-155_z234-243.score.json
global_top_abs_err,45,,,76414,198,207,124,155,217,248,144,153,77841,0.0013529375811754882,0.03932194364714176,0.03440668124943592,0.03531817348695916,N301_v1_sigma4_R3/tiles/tile076414_t198-207_x124-155_y217-248_z144-153.score.json
global_top_abs_err,46,,,113950,297,301,155,186,31,62,144,153,30325,0.00135293758007822,0.03932194364714176,0.03440668122153119,0.009124402186648962,N301_v1_sigma4_R3/tiles/tile113950_t297-301_x155-186_y31-62_z144-153.score.json
global_top_abs_err,47,,,114154,297,301,155,186,217,248,144,153,34596,0.00135293758007822,0.03932194364714176,0.03440668122153119,0.015753588851505327,N301_v1_sigma4_R3/tiles/tile114154_t297-301_x155-186_y217-248_z144-153.score.json
global_top_abs_err,48,,,114042,297,301,155,186,124,155,54,63,34596,0.0013529375800782131,0.039359896580260394,0.0343735044455562,0.029417926159572633,N301_v1_sigma4_R3/tiles/tile114042_t297-301_x155-186_y124-155_z54-63.score.json
global_top_abs_err,49,,,114062,297,301,155,186,124,155,234,243,34596,0.0013529375800782131,0.03937785363627107,0.034357829468694506,0.03886470414627847,N301_v1_sigma4_R3/tiles/tile114062_t297-301_x155-186_y124-155_z234-243.score.json
global_top_abs_err,50,,,15010,36,45,124,155,31,62,144,153,68815,0.001352937047766345,0.03932193583531502,0.034406674519601665,0.021801092995399726,N301_v1_sigma4_R3/tiles/tile015010_t36-45_x124-155_y31-62_z144-153.score.json
