timestamp,pid,comm,state,vmrss_kib,vmswap_kib,vmsize_kib,vmhwm_kib,vmpeak_kib,majflt,memavailable_kib,system_swap_used_kib,pswpin_pages,pswpout_pages
2026-07-18T01:39:01-04:00,1806807,python,R,11940,0,21104,13024,22468,2,250479140,1068816,90266526,114065903
2026-07-18T01:39:06-04:00,1806807,python,R,11661908,0,14386036,11661908,14386036,279,238880940,1068816,90266540,114065903
2026-07-18T01:39:11-04:00,1806807,python,R,55379160,0,85710236,57678632,88011020,279,194236356,1068816,90266546,114065903
2026-07-18T01:39:16-04:00,1806807,python,R,83707692,0,115567604,85237688,115567604,279,166631452,1068816,90266549,114065903
2026-07-18T01:39:21-04:00,1806807,python,R,92178176,0,265153480,94477788,265153480,279,158234988,1068816,90266549,114065903
2026-07-18T01:39:26-04:00,1806807,python,R,99078764,0,265153480,99078764,265153480,279,151331720,1068800,90266565,114065903
2026-07-18T01:39:31-04:00,1806807,python,R,103680620,0,265153480,103680620,265153480,279,146726572,1068800,90266572,114065903
2026-07-18T01:39:36-04:00,1806807,python,R,108716092,0,265153480,110583260,265153480,279,141266736,1068612,90266617,114065903
2026-07-18T01:39:41-04:00,1806807,python,R,115184236,0,265153480,115184236,265153480,279,135220700,1068612,90266621,114065903
2026-07-18T01:39:46-04:00,1806807,python,R,120223804,0,265153480,122086828,265153480,279,130056528,1068612,90266624,114065903
2026-07-18T01:39:51-04:00,1806807,python,R,126689900,0,265153480,126689900,265153480,279,123710152,1068612,90266631,114065903
2026-07-18T01:39:56-04:00,1806807,python,R,131734124,0,265153480,131779180,265153480,279,118593472,1068612,90266635,114065903
2026-07-18T01:40:01-04:00,1806807,python,R,137240636,0,265153480,138192348,265153480,279,113028296,1068612,90266644,114065903
2026-07-18T01:40:06-04:00,1806807,python,R,142795372,0,265153480,142795372,265153480,279,107677384,1068612,90266649,114065903
2026-07-18T01:40:11-04:00,1806807,python,R,147396352,0,265153480,149695980,265153480,279,103207328,1068612,90266651,114065903
2026-07-18T01:40:16-04:00,1806807,python,R,154298988,0,265153480,154298988,265153480,279,96401968,1068612,90266651,114065903
2026-07-18T01:40:21-04:00,1806807,python,R,158899968,0,265153480,161199596,265153480,279,91868408,1068612,90266660,114065903
2026-07-18T01:40:26-04:00,1806807,python,R,163614780,0,265153480,165801452,265153480,279,86639404,1068612,90266664,114065903
2026-07-18T01:40:31-04:00,1806807,python,R,170404460,0,265153480,170404460,265153480,279,80453900,1068612,90266665,114065903
2026-07-18T01:40:36-04:00,1806807,python,R,175718460,0,265153480,177305068,265153480,279,75040024,1068612,90266666,114065903
2026-07-18T01:40:41-04:00,1806807,python,R,181908076,0,265153480,181908076,265153480,279,69021052,1068612,90266666,114065903
2026-07-18T01:40:46-04:00,1806807,python,R,186509056,0,265153480,188808684,265153480,279,64424920,1068612,90266674,114065903
2026-07-18T01:40:51-04:00,1806807,python,R,193411692,0,265153480,193411692,265153480,279,57528304,1068612,90266676,114065903
2026-07-18T01:40:56-04:00,1806807,python,R,198012672,0,265153480,200312316,265153480,279,52939076,1068612,90266685,114065903
2026-07-18T01:41:01-04:00,1806807,python,R,204915260,0,265153480,204915260,265153480,279,46088568,1068612,90266691,114065903
2026-07-18T01:41:06-04:00,1806807,python,R,209517116,0,265153480,209517116,265153480,279,41472628,1068612,90266692,114065903
2026-07-18T01:41:11-04:00,1806807,python,R,214379324,0,265153480,216417788,265153480,279,36490440,1068612,90266694,114065903
2026-07-18T01:41:16-04:00,1806807,python,R,221020492,0,265153480,221020492,265153480,279,29940672,1068612,90266704,114065903
2026-07-18T01:41:21-04:00,1806807,python,R,225621248,0,265153480,227921132,265153480,279,25326508,1068612,90266710,114065903
2026-07-18T01:41:26-04:00,1806807,python,R,232523816,0,265153480,232523816,265153480,279,18545164,1068612,90266712,114065903
2026-07-18T01:41:31-04:00,1806807,python,R,209515588,0,272055780,237123804,274321436,279,41515336,1068612,90266724,114065903
2026-07-18T01:41:36-04:00,1806807,python,R,209515588,0,272055780,237123804,274321436,279,42092996,1068612,90266729,114065903
2026-07-18T01:41:41-04:00,1806807,python,R,209515588,0,272055780,237123804,274321436,279,41517228,1068612,90266729,114065903
2026-07-18T01:41:46-04:00,1806807,python,R,211781544,0,274321436,237123804,274321436,279,39260244,1068612,90266733,114065903
2026-07-18T01:41:51-04:00,1806807,python,R,209819344,0,272055780,237123804,274321436,279,40742312,1068608,90266734,114065903
2026-07-18T01:41:56-04:00,1806807,python,R,211817836,0,269754996,237123804,274321436,279,39236480,1068608,90266737,114065903
2026-07-18T01:42:01-04:00,1806807,python,R,212425280,0,272055780,237123804,274321436,279,37584372,1068608,90266739,114065903
2026-07-18T01:42:06-04:00,1806807,python,R,212061308,0,274321436,237123804,274321436,279,37579684,1068608,90266743,114065903
2026-07-18T01:42:11-04:00,1806807,python,R,216418524,0,272055780,237123804,274321436,279,33795660,1068608,90266751,114065903
2026-07-18T01:42:17-04:00,1806807,python,R,215060176,0,272055780,237123804,274321436,279,35079564,1068608,90266756,114065903
2026-07-18T01:42:22-04:00,1806807,python,R,216418524,0,272055780,237123804,274321436,279,32955488,1068608,90266760,114065903
2026-07-18T01:42:27-04:00,1806807,python,R,218327616,0,272055780,237123804,274321436,279,31840628,1068608,90266765,114065903
2026-07-18T01:42:32-04:00,1806807,python,R,218195068,0,274321436,237123804,274321436,279,31974004,1068608,90266775,114065903
2026-07-18T01:42:37-04:00,1806807,python,R,218720476,0,272055780,237123804,274321436,279,33010248,1068608,90266777,114065903
2026-07-18T01:42:42-04:00,1806807,python,R,222519432,0,274321436,237123804,274321436,279,27611552,1068608,90266781,114065903
2026-07-18T01:42:47-04:00,1806807,python,R,221020380,0,272055780,237123804,274321436,279,29282592,1068608,90266789,114065903
2026-07-18T01:42:52-04:00,1806807,python,R,221934652,0,274321436,237123804,274321436,279,28356384,1068608,90266797,114065903
2026-07-18T01:42:57-04:00,1806807,python,R,222452288,0,272055780,237123804,274321436,279,27653876,1068608,90266811,114065903
2026-07-18T01:43:02-04:00,1806807,python,R,224474232,0,274321436,237123804,274321436,279,25627668,1068608,90266817,114065903
2026-07-18T01:43:07-04:00,1806807,python,R,223682256,0,272055780,237123804,274321436,279,25982172,1068608,90266818,114065903
2026-07-18T01:43:12-04:00,1806807,python,R,225257168,0,272055780,237123804,274321436,279,24832508,1068608,90266820,114065903
2026-07-18T01:43:17-04:00,1806807,python,R,225622236,0,272055780,237123804,274321436,279,25973992,1068608,90266832,114065903
2026-07-18T01:43:22-04:00,1806807,python,R,227922140,0,272055780,237123804,274321436,279,22239688,1068608,90266869,114065903
2026-07-18T01:43:27-04:00,1806807,python,R,227922140,0,272055780,237123804,274321436,279,23312528,1068608,90266879,114065903
2026-07-18T01:43:32-04:00,1806807,python,R,226916928,0,272055780,237123804,274321436,279,23151408,1068608,90266885,114065903
2026-07-18T01:43:37-04:00,1806807,python,R,230188968,0,274321436,237123804,274321436,279,19958848,1068608,90266910,114065903
2026-07-18T01:43:42-04:00,1806807,python,R,230224092,0,272055780,237123804,274321436,279,19921588,1068608,90266916,114065903
2026-07-18T01:43:47-04:00,1806807,python,R,232079056,0,272055780,237123804,274321436,279,17960156,1068608,90266917,114065903
2026-07-18T01:43:52-04:00,1806807,python,R,231162432,0,272055780,237123804,274321436,279,18900028,1068608,90266926,114065903
2026-07-18T01:43:57-04:00,1806807,python,R,231902332,0,274321436,237123804,274321436,279,18139280,1068608,90266942,114065903
2026-07-18T01:44:02-04:00,1806807,python,R,234174160,0,272055780,237123804,274321436,279,15892156,1068608,90266943,114065903
2026-07-18T01:44:07-04:00,1806807,python,R,235723016,0,274321436,237123804,274321436,279,14298988,1068608,90266956,114065903
2026-07-18T01:44:12-04:00,1806807,python,R,233971408,0,272055780,237123804,274321436,279,16057448,1068608,90266958,114065903
2026-07-18T01:44:17-04:00,1806807,python,R,235399744,0,272055780,239358656,274321436,279,14466392,1068608,90266964,114065903
2026-07-18T01:44:22-04:00,1806807,python,R,236520000,0,272055780,239390096,274321436,279,13500916,1068608,90266966,114065903
2026-07-18T01:44:27-04:00,1806807,python,R,237125852,0,272055780,239390096,274321436,279,13836328,1068608,90266969,114065903
2026-07-18T01:44:32-04:00,1806807,python,R,238429904,0,272055780,241689760,274321436,279,12436064,1068608,90266975,114065903
2026-07-18T01:44:37-04:00,1806807,python,R,238044880,0,272055780,241690144,274321436,279,12822736,1068608,90266980,114065903
2026-07-18T01:44:42-04:00,1806807,python,R,241727708,0,272055780,243991952,274321436,279,8381844,1068608,90266985,114065903
2026-07-18T01:44:47-04:00,1806807,python,R,241541696,0,272055780,243991952,274321436,279,9322384,1068608,90266989,114065903
2026-07-18T01:44:52-04:00,1806807,python,R,241727708,0,272055780,243991952,274321436,279,8380244,1068608,90266997,114065903
2026-07-18T01:44:57-04:00,1806807,python,R,243121872,0,272055780,246292000,274321436,279,7732524,1068608,90267016,114065903
2026-07-18T01:45:02-04:00,1806807,python,R,242744444,0,274321436,246292000,274321436,279,8119676,1068608,90267021,114065903
2026-07-18T01:45:07-04:00,1806807,python,R,243515088,0,272055780,246292000,274321436,279,7332148,1068608,90267036,114065903
2026-07-18T01:45:12-04:00,1806807,python,R,246929264,0,274356564,248626824,274356564,279,3878024,1068608,90267042,114065903
2026-07-18T01:45:17-04:00,1806807,python,R,248714416,4493008,311169056,249818672,313469840,284,2363200,5562464,90267060,115190079
2026-07-18T01:45:22-04:00,1806807,python,R,248652464,10223312,313469840,249818672,313469840,285,2421012,11305080,90267080,116627030
2026-07-18T01:45:27-04:00,1806807,python,R,248614180,14575784,313469840,249818672,313469840,285,2428708,15656260,90267106,117716330
2026-07-18T01:45:32-04:00,1806807,python,R,248504544,16847436,313469840,249818672,313469840,285,2407488,17922212,90267143,118282105
2026-07-18T01:45:37-04:00,1806807,python,R,248511348,20577424,343379980,249818672,343379980,288,2446824,21659276,90267170,119216920
2026-07-18T01:45:42-04:00,1806807,python,R,248762128,30599492,343379980,249818672,343379980,288,2128036,31683680,90267203,121722678
2026-07-18T01:45:47-04:00,1806807,python,R,248827800,41096672,343379980,249818672,343379980,288,1981700,42180860,90267227,124346978
2026-07-18T01:45:53-04:00,1806807,python,D,249036592,45577900,345680764,249818672,345680764,13660,1678572,47074672,90374178,125569918
2026-07-18T01:45:58-04:00,1806807,python,D,248939088,44796972,345680764,249818672,345680764,38054,1725948,47074668,90569586,125569918
2026-07-18T01:46:03-04:00,1806807,python,R,248974196,44012268,345680764,249818672,345680764,62580,1706096,47074668,90765807,125569918
2026-07-18T01:46:08-04:00,1806807,python,D,247647504,43217036,345680764,249818672,345680764,87427,3000896,47074668,90964622,125569918
2026-07-18T01:46:13-04:00,1806807,python,R,249071760,42474860,345680764,249818672,345680764,110629,1685888,47074668,91150273,125569918
2026-07-18T01:46:18-04:00,1806807,python,D,249094576,42856712,345680764,249818672,345680764,132591,1671184,48163108,91325876,125843117
2026-07-18T01:46:23-04:00,1806807,python,R,249056312,43261468,345680764,249818672,345680764,144045,1692048,48931368,91417467,126034093
2026-07-18T01:46:28-04:00,1806807,python,D,247790044,42744092,345680764,249818672,345680764,160235,2542968,48931368,91547164,126034093
2026-07-18T01:46:33-04:00,1806807,python,D,249096572,42223964,345680764,249818672,345680764,184800,1626000,49197608,91743724,126100653
2026-07-18T01:46:38-04:00,1806807,python,D,249105884,42890524,345680764,249818672,345680764,205902,1651100,50545192,91912390,126438061
2026-07-18T01:46:43-04:00,1806807,python,D,247349628,42940828,345680764,249818672,345680764,224487,3368680,51184168,92061188,126597293
2026-07-18T01:46:48-04:00,1806807,python,R,249073120,42095900,345680764,249818672,345680764,251976,1690284,51218984,92281125,126605997
2026-07-18T01:46:53-04:00,1806807,python,D,249033564,41761216,345680764,249818672,345680764,276724,1639508,51676236,92479063,126720310
2026-07-18T01:46:58-04:00,1806807,python,R,246979700,41404776,345680764,249818672,345680764,287841,3074340,51675896,92567910,126720310
2026-07-18T01:47:03-04:00,1806807,python,D,247737228,40890832,345680764,249818672,345680764,303924,2464596,51675896,92696754,126720310
2026-07-18T01:47:08-04:00,1806807,python,D,249032972,40027216,345680764,249818672,345680764,330912,1692752,51675896,92912665,126720310
2026-07-18T01:47:13-04:00,1806807,python,D,249069292,39210608,345680764,249818672,345680764,356410,1657148,51675896,93116376,126720310
2026-07-18T01:47:18-04:00,1806807,python,R,249036420,39103988,345680764,249818672,345680764,359720,1702288,51675896,93142634,126720310
2026-07-18T01:47:23-04:00,1806807,python,D,248121404,38411488,345680764,249818672,345680764,381386,2140572,51675896,93316142,126720310
2026-07-18T01:47:28-04:00,1806807,python,D,249107004,37843324,345680764,249818672,345680764,407704,1658800,51950004,93526733,126788837
2026-07-18T01:47:33-04:00,1806807,python,D,249134268,38536928,345680764,249818672,345680764,430222,1632784,53375160,93706719,127145126
2026-07-18T01:47:38-04:00,1806807,python,R,249094164,40304520,357149544,249818672,357149544,431618,1666836,55192232,93717662,127600715
2026-07-18T01:47:43-04:00,1806807,python,R,245088352,42954060,354883888,249818672,357149544,441767,5362852,58150556,93798721,128338975
2026-07-18T01:47:48-04:00,1806807,python,D,247021304,41987740,354883888,249818672,357149544,471951,3663412,58150556,94039621,128338975
2026-07-18T01:47:53-04:00,1806807,python,D,248983656,41006404,354883888,249818672,357149544,502585,1690064,58150556,94284062,128338975
2026-07-18T01:47:58-04:00,1806807,python,D,248456964,40119976,354883888,249818672,357149544,530276,1922568,58150556,94504977,128338975
2026-07-18T01:48:03-04:00,1806807,python,D,249105552,40273208,354883888,249818672,357149544,555321,1622916,59106972,94704775,128578079
2026-07-18T01:48:08-04:00,1806807,python,D,247023180,40808352,354883888,249818672,357149544,578839,3708416,60395164,94892615,128900127
2026-07-18T01:48:13-04:00,1806807,python,D,248751812,39943880,354883888,249818672,357149544,605851,1964960,60395164,95108617,128900127
2026-07-18T01:48:18-04:00,1806807,python,D,249099880,40397636,354883888,249818672,357149544,630799,1638612,61652440,95308032,129214446
2026-07-18T01:48:23-04:00,1806807,python,D,247321856,40660760,354883888,249818672,357149544,655443,3394180,62698792,95505007,129476034
2026-07-18T01:48:28-04:00,1806807,python,D,249050624,39796312,354883888,249818672,357149544,682431,1611152,62702972,95720177,129477570
2026-07-18T01:48:33-04:00,1806807,python,D,249085712,40496868,354883888,249818672,357149544,705431,1631044,64136728,95903764,129836413
2026-07-18T01:48:38-04:00,1806807,python,D,246737344,41091204,354883888,249818672,357149544,722474,3958652,65276692,96039915,130120509
2026-07-18T01:48:43-04:00,1806807,python,D,248293552,40313204,354883888,249818672,357149544,746787,2394716,65276692,96234288,130120509
2026-07-18T01:48:48-04:00,1806807,python,D,249094308,40273796,354883888,249818672,357149544,770597,1644496,66003732,96424644,130302269
2026-07-18T01:48:53-04:00,1806807,python,R,248858052,40951040,354883888,249818672,357149544,790812,1850556,67324692,96585861,130632509
2026-07-18T01:48:58-04:00,1806807,python,D,248951840,39961924,354883888,249818672,357149544,828287,1734384,67533588,96885642,130684733
2026-07-18T01:49:03-04:00,1806807,python,R,246914048,40861252,354883888,249818672,357149544,864534,3762196,69593876,97175037,131199805
2026-07-18T01:49:09-04:00,1806807,python,D,248605256,40015836,354883888,249818672,357149544,890949,2046648,69593876,97385986,131199805
2026-07-18T01:49:14-04:00,1806807,python,D,249099260,40226944,354883888,249818672,357149544,913020,1611980,70511380,97562333,131429181
2026-07-18T01:49:19-04:00,1806807,python,R,249119232,40896940,354883888,249818672,357149544,934552,1575724,71871252,97734143,131769149
2026-07-18T01:49:24-04:00,1806807,python,D,249129632,40050620,354883888,249818672,357149544,980354,1583288,72489748,98100363,131923773
2026-07-18T01:49:29-04:00,1806807,python,D,246982980,40835392,354883888,249818672,357149544,1009572,3647220,74212116,98333612,132354365
2026-07-18T01:49:34-04:00,1806807,python,D,249086116,39865340,354883888,249818672,357149544,1054541,1584224,74681936,98693278,132471820
2026-07-18T01:49:39-04:00,1806807,python,D,248117604,38462236,354883888,249818672,357149544,1098304,2570224,74681936,99042783,132471820
2026-07-18T01:49:44-04:00,1806807,python,D,249142756,37242716,354883888,249818672,357149544,1136340,1553232,74681936,99346366,132471820
2026-07-18T01:49:49-04:00,1806807,python,D,247405392,36530640,354883888,249818672,357149544,1158600,3270784,74681936,99524369,132471820
2026-07-18T01:49:54-04:00,1806807,python,D,249112624,35646768,354883888,249818672,357149544,1186200,1572264,74681936,99744969,132471820
2026-07-18T01:49:59-04:00,1806807,python,R,249174128,35775200,354883888,249818672,357149544,1207325,1542596,75494464,99913737,132674952
2026-07-18T01:50:04-04:00,1806807,python,D,247036692,36200508,354883888,249818672,357149544,1225695,3625764,76500032,100060559,132926344
2026-07-18T01:50:09-04:00,1806807,python,D,248686836,35375708,354883888,249818672,357149544,1251459,1939472,76500032,100266548,132926344
2026-07-18T01:50:14-04:00,1806807,python,D,249178068,35470044,354883888,249818672,357149544,1269758,1538304,77179968,100412885,133096328
2026-07-18T01:50:19-04:00,1806807,python,D,249188084,36019868,354883888,249818672,357149544,1287260,1540508,78302272,100552810,133376904
2026-07-18T01:50:24-04:00,1806807,python,D,247163036,36098768,354883888,249818672,357149544,1298366,3427644,78724160,100641639,133482376
2026-07-18T01:50:29-04:00,1806807,python,R,248883228,35238740,354883888,249818672,357149544,1325208,1667328,78724160,100856310,133482376
2026-07-18T01:50:34-04:00,1806807,python,R,249110140,35098048,354883888,249818672,357149544,1347087,1504472,79283500,101031370,133622211
2026-07-18T01:50:39-04:00,1806807,python,D,247179012,34299160,354883888,249818672,357149544,1372041,3434096,79283500,101230921,133622211
2026-07-18T01:50:44-04:00,1806807,python,D,249009988,33383640,354883888,249818672,357149544,1400651,1630004,79283500,101459644,133622211
2026-07-18T01:50:49-04:00,1806807,python,D,249173924,32564376,354883888,249818672,357149544,1426242,1527536,79283500,101664244,133622211
2026-07-18T01:50:54-04:00,1806807,python,R,249214744,33559876,357149544,249818672,357149544,1437475,1502016,80653612,101753931,133965251
2026-07-18T01:50:59-04:00,1806807,python,D,244970364,34244448,354883888,249818672,357149544,1445600,4981324,81583052,101819133,134197099
2026-07-18T01:51:04-04:00,1806807,python,D,246829776,33314796,354883888,249818672,357149544,1474662,3695392,81583052,102051446,134197099
2026-07-18T01:51:09-04:00,1806807,python,R,248686336,32385980,354883888,249818672,357149544,1503686,1948300,81583052,102283507,134197099
2026-07-18T01:51:14-04:00,1806807,python,D,248092852,31533608,354883888,249818672,357149544,1530323,2068404,81583052,102496593,134197099
2026-07-18T01:51:19-04:00,1806807,python,D,249155060,30633160,354883888,249818672,357149544,1558455,1536944,81583052,102721590,134197099
2026-07-18T01:51:24-04:00,1806807,python,R,248334260,29903816,354883888,249818672,357149544,1581223,2218052,81583052,102903510,134197099
2026-07-18T01:51:29-04:00,1806807,python,D,248390868,29097448,354883888,249818672,357149544,1606436,2230664,81583052,103105047,134197099
2026-07-18T01:51:34-04:00,1806807,python,R,249285968,28235148,354883888,249818672,357149544,1633378,1381180,81583052,103320320,134197099
2026-07-18T01:51:39-04:00,1806807,python,R,247368052,27603464,354883888,249818672,357149544,1652516,3248216,81583052,103473047,134197099
2026-07-18T01:51:44-04:00,1806807,python,D,248067376,27018668,354883888,249818672,357149544,1670801,2517556,81583052,103619402,134197099
2026-07-18T01:51:49-04:00,1806807,python,D,249223184,26180236,354883888,249818672,357149544,1696995,1439252,81583052,103828744,134197099
2026-07-18T01:51:54-04:00,1806807,python,D,249166544,25348012,354883888,249818672,357149544,1722975,1464796,81583052,104036367,134197099
2026-07-18T01:51:59-04:00,1806807,python,D,248385748,24558024,354883888,249818672,357149544,1747664,2263876,81583052,104233807,134197099
2026-07-18T01:52:04-04:00,1806807,python,D,249272052,23714836,354883888,249818672,357149544,1773991,1484064,81583052,104444264,134197099
2026-07-18T01:52:09-04:00,1806807,python,R,249198904,23001900,354883888,249818672,357149544,1796267,1486424,81583052,104622400,134197099
2026-07-18T01:52:14-04:00,1806807,python,D,248423032,22239396,354883888,249818672,357149544,1820119,2254380,81583052,104813336,134197099
2026-07-18T01:52:19-04:00,1806807,python,D,242954676,21526728,354883888,249818672,357149544,1842529,7656852,81587676,104992492,134198254
2026-07-18T01:52:24-04:00,1806807,python,R,243517880,20705732,354883888,249818672,357149544,1868152,7042204,81587676,105197223,134198254
2026-07-18T01:52:30-04:00,1806807,python,R,243954680,19875620,354883888,249818672,357149544,1894112,6486756,81587676,105404958,134198254
2026-07-18T01:52:35-04:00,1806807,python,D,245764792,18970628,354883888,249818672,357149544,1922385,4869872,81587676,105631082,134198254
2026-07-18T01:52:40-04:00,1806807,python,R,248221536,18404952,357149544,249818672,357149544,1940037,2337932,81587676,105772002,134198254
2026-07-18T01:52:45-04:00,1806807,python,D,245598452,17990120,354883888,249818672,357149544,1953906,4798536,81616008,105883172,134205302
2026-07-18T01:52:50-04:00,1806807,python,D,247530852,17024376,354883888,249818672,357149544,1984064,3163496,81616008,106123923,134205302
2026-07-18T01:52:55-04:00,1806807,python,R,249314048,16132452,354883888,249818672,357149544,2011898,1369652,81616008,106346021,134205302
2026-07-18T01:53:00-04:00,1806807,python,D,248298780,15490560,354883888,249818672,357149544,2031964,2042332,81616008,106506468,134205302
2026-07-18T01:53:05-04:00,1806807,python,R,249304880,14660524,354883888,249818672,357149544,2057895,1410420,81616020,106713462,134205305
2026-07-18T01:53:10-04:00,1806807,python,D,249359504,13833868,354883888,249818672,357149544,2083710,1364248,81616020,106919854,134205305
2026-07-18T01:53:15-04:00,1806807,python,R,249316964,13831680,354883888,249818672,357149544,2083761,1365580,81616020,106920048,134205305
2026-07-18T01:53:20-04:00,1806807,python,R,246955068,13895364,354883888,249818672,357149544,2083761,3727688,81680408,106920069,134221311
2026-07-18T01:53:25-04:00,1806807,python,D,246387184,13029224,354883888,249818672,357149544,2110794,4055748,81680408,107136167,134221311
2026-07-18T01:53:30-04:00,1806807,python,D,248137168,12153832,354883888,249818672,357149544,2138130,2530332,81680408,107354645,134221311
2026-07-18T01:53:35-04:00,1806807,python,D,246992304,11576296,354883888,249818672,357149544,2156144,2866980,81680408,107498553,134221311
2026-07-18T01:53:40-04:00,1806807,python,D,248781488,10682056,354883888,249818672,357149544,2184082,1665208,81680408,107721792,134221311
2026-07-18T01:53:45-04:00,1806807,python,D,249477428,10772464,354883888,249818672,357149544,2208617,1281692,82548100,107917865,134438259
2026-07-18T01:53:50-04:00,1806807,python,R,249305756,11544028,354883888,249818672,357149544,2227365,1434388,83920260,108067570,134781299
2026-07-18T01:53:55-04:00,1806807,python,R,249294272,11555528,354883888,249818672,357149544,2227397,1440288,83932548,108067710,134784371
2026-07-18T01:54:00-04:00,1806807,python,D,248510544,10791240,357149544,249818672,357149544,2251304,2068288,83932548,108259058,134784371
2026-07-18T01:54:05-04:00,1806807,python,R,249378356,10699208,357149544,249818672,357149544,2275931,1384488,84637060,108456159,134960499
2026-07-18T01:54:10-04:00,1806807,python,R,249319852,11509588,357149544,249818672,357149544,2299302,1435020,86204112,108642936,135352691
2026-07-18T01:54:15-04:00,1806807,python,D,241255716,19592824,354883888,249818672,361786240,2299621,9408500,94272172,108643702,137369277
2026-07-18T01:54:20-04:00,1806807,python,R,241454452,19513400,356791112,249818672,361786240,2309308,8464112,94271988,108663965,137369277
2026-07-18T01:54:25-04:00,1806807,python,D,244127620,19284324,370956792,249818672,370956792,2320924,6146800,94337524,108737967,137385661
2026-07-18T01:54:30-04:00,1806807,python,D,245702916,18497444,370956792,249818672,370956792,2345514,4732160,94337524,108934711,137385661
2026-07-18T01:54:35-04:00,1806807,python,D,247260580,17718116,370956792,249818672,370956792,2369874,3379668,94337524,109129599,137385661
2026-07-18T01:54:40-04:00,1806807,python,R,248866420,20535204,370956824,249818672,370956824,2383630,1783744,97607380,109239440,138204290
2026-07-18T01:54:45-04:00,1806807,python,R,248919964,27206440,407769316,249818672,407769316,2383630,1738788,104283256,109239451,139872635
2026-07-18T01:54:50-04:00,1806807,python,R,248898052,30360072,405503660,249818672,407769316,2383705,1717352,107422624,109239751,140657013
2026-07-18T01:54:55-04:00,1806807,python,R,248763756,35095804,405503660,249818672,407769316,2383731,1789028,112159228,109239840,141841203
2026-07-18T01:55:00-04:00,1806807,python,R,246460404,39735544,405538784,249818672,407769316,2383745,4146420,116799572,109239916,143001320
2026-07-18T01:55:05-04:00,1806807,python,R,249033360,42312728,407769316,249818672,407769316,2383907,1539332,119380284,109240707,143646527
2026-07-18T01:55:10-04:00,1806807,python,R,248158264,46618852,405503660,249818672,407769316,2383938,2393640,119883652,109240831,143772433
2026-07-18T01:55:15-04:00,1806807,python,R,248852176,49752048,407769316,249818672,407769316,2383962,1705344,119884968,109240942,143772776
2026-07-18T01:55:20-04:00,1806807,python,R,246961788,53697764,405503660,249818672,407769316,2383962,3519840,119896156,109240946,143775603
2026-07-18T01:55:25-04:00,1806807,python,R,248841232,57835484,407769316,249818672,407769316,2383972,1732260,119897992,109240989,143776113
2026-07-18T01:55:30-04:00,1806807,python,R,248185564,60472876,407769316,249818672,407769316,2383985,2296904,119897992,109241042,143776159
2026-07-18T01:55:35-04:00,1806807,python,D,247170080,62617848,407804444,249818672,407804444,2395793,3355648,119897992,109314015,143776182
2026-07-18T01:55:40-04:00,1806807,python,D,248943988,62242684,407804444,249818672,407804444,2424444,1607576,119898120,109493007,143776215
2026-07-18T01:55:45-04:00,1806807,python,D,246756056,65398024,407804444,249818672,407804444,2443100,3749828,119898120,109608893,143776264
2026-07-18T01:55:50-04:00,1806807,python,D,248283028,65317856,407804444,249818672,407804444,2472370,2269792,119898120,109790659,143776276
2026-07-18T01:55:56-04:00,1806807,python,D,246609108,65827692,407804444,249818672,407804444,2494682,3903520,119898120,109928566,143776286
2026-07-18T01:56:01-04:00,1806807,python,R,245818516,65766400,407804444,249818672,407804444,2522859,4719764,119898120,110101072,143776290
2026-07-18T01:56:06-04:00,1806807,python,D,248038416,65259484,407804444,249818672,407804444,2555027,2507980,119898120,110298763,143776295
2026-07-18T01:56:11-04:00,1806807,python,D,246682392,65449348,407804444,249818672,407804444,2576975,3853188,119898120,110433180,143776310
2026-07-18T01:56:16-04:00,1806807,python,D,248706496,64915508,407804444,249818672,407804444,2607330,1883024,119898120,110622975,143776314
2026-07-18T01:56:21-04:00,1806807,python,D,247705200,64721484,407804444,249818672,407804444,2629634,2832460,119898120,110761840,143776318
2026-07-18T01:56:26-04:00,1806807,python,R,248862828,65166548,414706784,249818672,414706784,2657550,1690372,119898120,110933708,143776349
2026-07-18T01:56:31-04:00,1806807,python,R,248823004,74117720,417007568,249818672,417007568,2658810,1726548,122190852,110941050,144351512
2026-07-18T01:56:36-04:00,1806807,python,D,246890772,73951052,453820060,249818672,453820060,2665253,2980468,122206808,110990339,144353750
2026-07-18T01:56:41-04:00,1806807,python,D,248599444,73096524,453820060,249818672,453820060,2691961,1579992,122206808,111204037,144353750
2026-07-18T01:56:46-04:00,1806807,python,R,249259140,73172124,453820060,249818672,453820060,2714914,1297632,123017612,111387508,144556516
2026-07-18T01:56:51-04:00,1806807,python,R,249235372,75977420,456120844,249818672,456120844,2731718,1317660,126370332,111521953,145394825
2026-07-18T01:56:56-04:00,1806807,python,R,247990496,83369332,453820060,249818672,456120844,2731718,2421000,133752576,111521969,147240386
2026-07-18T01:57:01-04:00,1806807,python,R,248771340,91036052,456120844,249818672,456120844,2731718,1657140,141428172,111521982,149159842
2026-07-18T01:57:06-04:00,1806807,python,D,248264128,96967040,453820060,249818672,456120844,2734082,2119188,147425452,111541090,150658605
2026-07-18T01:57:11-04:00,1806807,python,R,249030272,97457360,456120844,249818672,456120844,2757102,1388788,148677424,111725015,150973251
2026-07-18T01:57:16-04:00,1806807,python,D,248760756,105037012,456120844,249818672,456120844,2757102,1513640,156239076,111725036,152862011
2026-07-18T01:57:21-04:00,1806807,python,D,247249092,108309264,453820060,249818672,456120844,2769009,3094964,159891532,111820417,153775125
2026-07-18T01:57:26-04:00,1806807,python,R,249059300,107404368,453820060,249818672,456120844,2797277,1251632,159891532,112046513,153775125
2026-07-18T01:57:31-04:00,1806807,python,D,249060704,108163380,453820060,249818672,456120844,2821106,1303636,161386048,112237018,154148756
2026-07-18T01:57:36-04:00,1806807,python,R,247992528,113587832,488331768,249818672,488331768,2828993,2282280,164186136,112299985,154861060
2026-07-18T01:57:41-04:00,1806807,python,R,248289832,122626036,488331768,249818672,488331768,2828993,2022192,171318272,112299996,156642369
2026-07-18T01:57:46-04:00,1806807,python,R,248777368,132911136,488331768,249818672,488331768,2828993,1513460,175338688,112300019,157646677
2026-07-18T01:57:51-04:00,1806807,python,R,248069936,144319928,488331768,249818672,488331768,2828993,2091804,175655432,112300024,157707961
2026-07-18T01:57:56-04:00,1806807,python,D,248211680,146784956,490632552,249818672,490632552,2845369,1913568,175790476,112408967,157729934
2026-07-18T01:58:01-04:00,1806807,python,D,248549128,147346900,490632552,249818672,490632552,2869537,1585184,175791068,112582193,157730060
2026-07-18T01:58:06-04:00,1806807,python,D,246341932,148084764,490632552,249818672,490632552,2892276,3758364,175791664,112745809,157730211
2026-07-18T01:58:11-04:00,1806807,python,D,247671816,147625228,490632552,249818672,490632552,2915723,2453084,175791664,112914107,157730211
2026-07-18T01:58:16-04:00,1806807,python,D,248542616,147617200,490632552,249818672,490632552,2940925,1580372,175794616,113106495,157730934
2026-07-18T01:58:21-04:00,1806807,python,R,246586732,148354184,490632552,249818672,490632552,2952722,3451172,175794672,113190412,157730949
2026-07-18T01:58:26-04:00,1806807,python,D,246942056,147900408,490632552,249818672,490632552,2968294,3136972,175794672,113304209,157730949
2026-07-18T01:58:31-04:00,1806807,python,D,248686436,147095984,490632552,249818672,490632552,2995004,1373916,175794672,113505361,157730949
2026-07-18T01:58:36-04:00,1806807,python,D,246737684,147682880,490632552,249818672,490632552,3019359,3375956,175796260,113683310,157731342
2026-07-18T01:58:41-04:00,1806807,python,R,248869424,146820844,490632552,249818672,490632552,3049589,1216160,175796260,113898785,157731342
2026-07-18T01:58:46-04:00,1806807,python,R,248743036,147846648,490632552,249818672,490632552,3073717,1355152,176525672,114073608,157913698
2026-07-18T01:58:51-04:00,1806807,python,D,246328704,148024124,490632552,249818672,490632552,3075748,3010364,176757096,114085358,157971554
2026-07-18T01:58:56-04:00,1806807,python,D,248391848,147175496,490632552,249818672,490632552,3105448,1658716,176757096,114297495,157971554
2026-07-18T01:59:01-04:00,1806807,python,D,248889528,147479320,490632552,249818672,490632552,3129920,1209384,177749844,114486563,158219741
2026-07-18T01:59:06-04:00,1806807,python,R,248451748,148137820,490632552,249818672,490632552,3136880,1622752,178266352,114540322,158348862
2026-07-18T01:59:11-04:00,1806807,python,R,247903516,147526540,490632552,249818672,490632552,3159764,2157216,178266352,114693454,158348862
2026-07-18T01:59:16-04:00,1806807,python,R,248918520,147645980,490632552,249818672,490632552,3188420,1188812,178862344,114899042,158497860
2026-07-18T01:59:22-04:00,1806807,python,R,248823792,149397056,502101332,249818672,502101332,3190164,1283336,180036420,114908930,158791959
2026-07-18T01:59:27-04:00,1806807,python,D,244255008,152574072,499835676,249818672,502101332,3197052,5799756,181856780,114963415,159246402
2026-07-18T01:59:32-04:00,1806807,python,D,246243040,151612056,499835676,249818672,502101332,3227212,3779044,181856780,115203969,159246402
2026-07-18T01:59:37-04:00,1806807,python,D,245914936,150748256,499835676,249818672,502101332,3256134,3431112,181856780,115419883,159246402
2026-07-18T01:59:42-04:00,1806807,python,D,247989660,149824540,499835676,249818672,502101332,3286726,1959064,181856780,115650776,159246402
2026-07-18T01:59:47-04:00,1806807,python,D,248903204,149791820,499835676,249818672,502101332,3312438,1162476,182395412,115850428,159381035
2026-07-18T01:59:52-04:00,1806807,python,D,247788732,149419292,499835676,249818672,502101332,3337349,2251560,182719276,116045878,159462006
2026-07-18T01:59:57-04:00,1806807,python,D,248909564,149188300,499835676,249818672,502101332,3363849,1169344,183177780,116253010,159576633
2026-07-18T02:00:02-04:00,1806807,python,R,248792392,150063316,499835676,249818672,502101332,3387282,1315548,183429496,116438589,159639951
2026-07-18T02:00:07-04:00,1806807,python,D,248085716,149330180,499835676,249818672,502101332,3412840,1958732,183429444,116640034,159639951
2026-07-18T02:00:12-04:00,1806807,python,D,248873852,149435956,499835676,249818672,502101332,3437601,1264804,183429444,116826086,159639957
2026-07-18T02:00:17-04:00,1806807,python,D,246547940,150159280,499835676,249818672,502101332,3458302,3564248,183429440,116983395,159639967
2026-07-18T02:00:22-04:00,1806807,python,D,248188648,149368436,499835676,249818672,502101332,3483724,1909244,183429440,117181032,159639967
2026-07-18T02:00:27-04:00,1806807,python,R,248914896,149406284,499835676,249818672,502101332,3506812,1205904,183429440,117361140,159639967
2026-07-18T02:00:32-04:00,1806807,python,D,246627076,150045368,499835676,249818672,502101332,3526198,3489508,183429440,117513395,159639981
2026-07-18T02:00:37-04:00,1806807,python,D,248310540,149222000,499835676,249818672,502101332,3552396,1778800,183429440,117719277,159639981
2026-07-18T02:00:42-04:00,1806807,python,D,248975972,149371712,499835676,249818672,502101332,3577204,1163424,183429440,117915638,159640056
2026-07-18T02:00:47-04:00,1806807,python,D,247029844,149759304,499835676,249818672,502101332,3599292,3116924,183429440,118092036,159640077
2026-07-18T02:00:52-04:00,1806807,python,R,248733116,148918144,499835676,249818672,502101332,3625599,1402204,183429440,118302226,159640077
2026-07-18T02:00:57-04:00,1806807,python,D,248947544,149459556,499835676,249818672,502101332,3648200,1204328,184068488,118482691,159800409
2026-07-18T02:01:02-04:00,1806807,python,D,246989300,149773192,499835676,249818672,502101332,3668117,3155720,185018760,118641891,160037519
2026-07-18T02:01:07-04:00,1806807,python,D,248807608,148876452,499835676,249818672,502101332,3696181,1314272,185018760,118866146,160037519
2026-07-18T02:01:12-04:00,1806807,python,D,249011572,149512356,499835676,249818672,502101332,3721661,1130064,186468744,119069696,160400118
2026-07-18T02:01:17-04:00,1806807,python,D,246743852,150018608,499835676,249818672,502101332,3738910,3366136,187511180,119203700,160660794
2026-07-18T02:01:22-04:00,1806807,python,D,248494852,149156408,499835676,249818672,502101332,3765883,1575724,187511180,119419230,160660794
2026-07-18T02:01:27-04:00,1806807,python,D,249034260,149376736,499835676,249818672,502101332,3788971,1102576,188469568,119603727,160900437
2026-07-18T02:01:32-04:00,1806807,python,D,246761248,150043880,499835676,249818672,502101332,3809633,3259396,189797744,119768696,161232398
2026-07-18T02:01:37-04:00,1806807,python,D,248695684,149104740,499835676,249818672,502101332,3839042,1278712,189797744,120003509,161232398
2026-07-18T02:01:42-04:00,1806807,python,D,248894212,149686192,499835676,249818672,502101332,3862554,1206076,191130760,120191437,161565731
2026-07-18T02:01:47-04:00,1806807,python,D,246384032,150293536,499835676,249818672,502101332,3874806,3508020,192129940,120289397,161815559
2026-07-18T02:01:52-04:00,1806807,python,D,248190000,149403088,499835676,249818672,502101332,3902655,1729372,192129940,120512021,161815559
2026-07-18T02:01:57-04:00,1806807,python,D,249066900,149197948,499835676,249818672,502101332,3923186,1074052,192595884,120676012,161933108
2026-07-18T02:02:02-04:00,1806807,python,D,246896156,149797956,499835676,249818672,502101332,3945182,3160096,193884004,120851814,162254168
2026-07-18T02:02:07-04:00,1806807,python,D,248555496,148974072,499835676,249818672,502101332,3970946,1462888,193884004,121057796,162254168
2026-07-18T02:02:12-04:00,1806807,python,D,249064756,149144716,499835676,249818672,502101332,3991752,1015564,194737968,121223980,162468543
2026-07-18T02:02:17-04:00,1806807,python,R,249017060,149872832,499835676,249818672,502101332,4012696,1106160,196118380,121391411,162812863
2026-07-18T02:02:22-04:00,1806807,python,D,248014032,149228880,499835676,249818672,502101332,4032860,2082076,196118380,121552749,162812863
2026-07-18T02:02:27-04:00,1806807,python,D,249067788,149012812,499835676,249818672,502101332,4058831,963572,196733052,121760459,162967528
2026-07-18T02:02:32-04:00,1806807,python,R,248722872,150166532,499835676,249818672,502101332,4083961,1290120,198691268,121961265,163456097
2026-07-18T02:02:38-04:00,1806807,python,R,247771872,149497212,499835676,249818672,502101332,4104918,2206284,198691268,122129049,163456097
2026-07-18T02:02:43-04:00,1806807,python,D,249019976,149117400,499835676,249818672,502101332,4131653,1020628,199166316,122342735,163574859
2026-07-18T02:02:48-04:00,1806807,python,R,248355192,149921304,499835676,249818672,502101332,4154606,1562272,200704628,122525989,163959437
2026-07-18T02:02:53-04:00,1806807,python,R,246686356,154501960,499835676,249818672,502101332,4154606,3097348,205285296,122526007,165104621
2026-07-18T02:02:58-04:00,1806807,python,D,245054040,153877088,499835676,249818672,502101332,4179464,4311964,205285296,122682448,165104621
2026-07-18T02:03:03-04:00,1806807,python,D,246066452,153108356,499835676,249818672,502101332,4207934,3303000,205285296,122874842,165104621
2026-07-18T02:03:08-04:00,1806807,python,D,247955844,152167156,499835676,249818672,502101332,4237360,1826672,205285296,123110169,165104621
2026-07-18T02:03:13-04:00,1806807,python,D,249027644,151977980,499835676,249818672,502101332,4264414,1062732,205961136,123326338,165274470
2026-07-18T02:03:18-04:00,1806807,python,D,247107092,152012228,499835676,249818672,502101332,4281845,2967528,206477236,123446891,165402636
2026-07-18T02:03:23-04:00,1806807,python,D,248966676,151082564,499835676,249818672,502101332,4310897,1077424,206477236,123679324,165402636
2026-07-18T02:03:28-04:00,1806807,python,R,249041112,151772192,499835676,249818672,502101332,4334453,1059524,207927276,123867734,165765213
2026-07-18T02:03:33-04:00,1806807,python,D,246810252,152141228,499835676,249818672,502101332,4350891,3048512,208771108,123988034,165976196
2026-07-18T02:03:38-04:00,1806807,python,D,248554996,151283172,499835676,249818672,502101332,4377742,1501168,208771108,124202543,165976196
2026-07-18T02:03:43-04:00,1806807,python,R,249028760,151627012,499835676,249818672,502101332,4402551,1062544,209907792,124400808,166260390
2026-07-18T02:03:48-04:00,1806807,python,R,248409232,152778664,499835676,249818672,502101332,4417805,1666156,211545860,124521997,166669985
2026-07-18T02:03:53-04:00,1806807,python,D,247279764,152201760,499835676,249818672,502101332,4435867,2711860,211545860,124666534,166669985
2026-07-18T02:03:58-04:00,1806807,python,D,248986940,151378244,499835676,249818672,502101332,4462568,1049036,211595468,124879910,166683838
2026-07-18T02:04:03-04:00,1806807,python,D,248997576,152177884,499835676,249818672,502101332,4487117,1085848,213161512,125076056,167073957
2026-07-18T02:04:08-04:00,1806807,python,D,247873176,151614264,499835676,249818672,502101332,4506066,2174300,213202472,125227591,167084197
2026-07-18T02:04:13-04:00,1806807,python,D,249004548,151314208,499835676,249818672,502101332,4531967,1077076,213730784,125434667,167217822
2026-07-18T02:04:18-04:00,1806807,python,D,249010276,152060072,499835676,249818672,502101332,4555197,1064744,215219596,125620519,167589034
2026-07-18T02:04:23-04:00,1806807,python,D,247405524,151887224,499835676,249818672,502101332,4571296,2652492,215561616,125749206,167674042
2026-07-18T02:04:28-04:00,1806807,python,D,249018440,151175752,499835676,249818672,502101332,4598939,1059308,215735696,125970210,167717575
2026-07-18T02:04:33-04:00,1806807,python,D,249001100,151954560,499835676,249818672,502101332,4622516,1044340,217267292,126158798,168100474
2026-07-18T02:04:38-04:00,1806807,python,D,247340544,151902924,499835676,249818672,502101332,4640544,2669536,217791580,126302855,168231546
2026-07-18T02:04:43-04:00,1806807,python,D,249008988,151105768,499835676,249818672,502101332,4667701,1044428,217863260,126520072,168249466
2026-07-18T02:04:48-04:00,1806807,python,D,249001040,151940084,499835676,249818672,502101332,4693003,1029664,219506596,126722353,168660301
2026-07-18T02:04:53-04:00,1806807,python,R,248671980,155315104,502101332,249818672,502101332,4700631,1255660,223089176,126783226,169555946
2026-07-18T02:04:58-04:00,1806807,python,D,244693456,156655076,499835676,249818672,502101332,4706563,4763772,224595732,126826961,169932585
2026-07-18T02:05:03-04:00,1806807,python,D,246647344,155694564,499835676,249818672,502101332,4736618,3024184,224595732,127067196,169932585
2026-07-18T02:05:08-04:00,1806807,python,D,248614192,154731300,499835676,249818672,502101332,4766751,1056772,224595732,127307952,169932585
2026-07-18T02:05:13-04:00,1806807,python,D,247361944,154218156,499835676,249818672,502101332,4783263,2625140,224605972,127438741,169935145
2026-07-18T02:05:18-04:00,1806807,python,D,249019412,153437208,499835676,249818672,502101332,4809437,1019348,224663316,127647786,169949481
2026-07-18T02:05:23-04:00,1806807,python,D,248536216,154674140,499835676,249818672,502101332,4832906,1395004,226627376,127835372,170440496
2026-07-18T02:05:28-04:00,1806807,python,R,247033552,154468868,499835676,249818672,502101332,4841755,2895320,226701104,127904855,170458928
2026-07-18T02:05:33-04:00,1806807,python,D,248832752,156741012,502101332,249818672,502101332,4841755,1076388,228382940,127904867,170879348
2026-07-18T02:05:38-04:00,1806807,python,D,244257984,159344392,499835676,249818672,502101332,4845325,5108072,231093720,127933309,171557043
2026-07-18T02:05:43-04:00,1806807,python,D,245991288,158479472,499835676,249818672,502101332,4872374,3986592,231093720,128149514,171557043
2026-07-18T02:05:48-04:00,1806807,python,D,247746732,157602620,499835676,249818672,502101332,4899789,2220272,231093720,128368767,171557043
2026-07-18T02:05:53-04:00,1806807,python,D,246611956,157021172,499835676,249818672,502101332,4918058,3353980,231093720,128514107,171557043
2026-07-18T02:05:59-04:00,1806807,python,D,248412272,156121976,499835676,249818672,502101332,4946169,1538312,231093720,128738912,171557043
2026-07-18T02:06:04-04:00,1806807,python,D,248516572,156820548,499835676,249818672,502101332,4971035,1392208,232584624,128936946,171929769
2026-07-18T02:06:09-04:00,1806807,python,R,248851188,156936740,499835676,249818672,502101332,4984937,1017956,233133444,129044754,172066974
2026-07-18T02:06:14-04:00,1806807,python,R,248458148,156936348,499442244,249818672,502101332,4984988,1400596,233133444,129044872,172066974
2026-07-18T02:06:19-04:00,1806807,python,R,248941980,158196492,502137820,249818672,502137820,4995823,1057556,234503168,129073102,172409470
2026-07-18T02:06:24-04:00,1806807,python,R,248592292,165981624,509041744,249818672,509041744,4995852,1370144,242306884,129073154,174362193
2026-07-18T02:06:29-04:00,1806807,python,R,248906124,166852116,518244868,249818672,518244868,5019751,996596,243918560,129264445,174763318
2026-07-18T02:06:34-04:00,1806807,python,D,248955024,167650988,518244868,249818672,518244868,5046248,970144,245564988,129476392,175174925
2026-07-18T02:06:39-04:00,1806807,python,D,248981880,168420904,518244868,249818672,518244868,5071204,945780,247129492,129676014,175567075
2026-07-18T02:06:44-04:00,1806807,python,D,248870264,169375744,518244868,249818672,518244868,5097533,994444,248926668,129886613,176015345
2026-07-18T02:06:49-04:00,1806807,python,R,248764236,170276272,518244868,249818672,518244868,5122382,1045072,250622320,130085351,176439258
2026-07-18T02:06:54-04:00,1806807,python,D,248847232,171016636,518244868,249818672,518244868,5148084,1033956,252184944,130290926,176829914
2026-07-18T02:06:59-04:00,1806807,python,D,248773976,171909124,518244868,249818672,518244868,5173721,1078464,253897816,130496079,177258132
2026-07-18T02:07:04-04:00,1806807,python,D,248826456,172716712,518244868,249818672,518244868,5200573,1006896,255564764,130710891,177674869
2026-07-18T02:07:09-04:00,1806807,python,D,248764088,173626804,518244868,249818672,518244868,5227044,1057356,257321768,130922726,178114120
2026-07-18T02:07:14-04:00,1806807,python,D,248627000,174609504,518244868,249818672,518244868,5253484,1193256,259150516,131134241,178571307
2026-07-18T02:07:19-04:00,1806807,python,D,248789976,175317024,518244868,249818672,518244868,5280714,1020668,260729524,131352099,178966059
2026-07-18T02:07:24-04:00,1806807,python,R,247986656,182785536,527447992,249818672,527447992,5283462,1624856,266318604,131373893,180299389
2026-07-18T02:07:29-04:00,1806807,python,D,248235692,185445376,529748776,249818672,529748776,5301169,1343328,266831548,131515632,180426465
2026-07-18T02:07:34-04:00,1806807,python,D,248342896,185757332,529748776,249818672,529748776,5327270,1242032,266831844,131724500,180426539
2026-07-18T02:07:39-04:00,1806807,python,D,248201292,186275896,529748776,249818672,529748776,5350894,1378756,266851984,131913398,180431574
2026-07-18T02:07:44-04:00,1806807,python,D,248385700,186464288,529748776,249818672,529748776,5374178,1201232,266899908,132099722,180443555
2026-07-18T02:07:49-04:00,1806807,python,D,248503148,186721508,529748776,249818672,529748776,5397542,1057924,267062048,132286570,180483817
2026-07-18T02:07:54-04:00,1806807,python,R,248662892,186951064,529748776,249818672,529748776,5421969,918032,267245948,132481610,180529646
2026-07-18T02:07:59-04:00,1806807,python,D,246931144,186782088,529748776,249818672,529748776,5446950,2597120,267306212,132681219,180544712
2026-07-18T02:08:04-04:00,1806807,python,D,248333180,185859436,529748776,249818672,529748776,5476432,1246144,267306216,132915619,180544713
2026-07-18T02:08:09-04:00,1806807,python,R,248506112,186100112,529748776,249818672,529748776,5502909,1049096,267367172,133127304,180559952
2026-07-18T02:08:14-04:00,1806807,python,R,248269404,186766808,529748776,249818672,529748776,5529824,1283584,267465408,133342101,180584509
2026-07-18T02:08:19-04:00,1806807,python,D,248370872,187046264,529748776,249818672,529748776,5553521,1172604,267465448,133531394,180584510
2026-07-18T02:08:24-04:00,1806807,python,D,246441116,187052952,529748776,249818672,529748776,5577162,3105740,267928296,133720365,180700222
2026-07-18T02:08:29-04:00,1806807,python,D,247824660,186129896,529748776,249818672,529748776,5606087,1726140,267928296,133951335,180700222
2026-07-18T02:08:34-04:00,1806807,python,D,248567888,185816932,529748776,249818672,529748776,5632965,957512,268475112,134166097,180836926
2026-07-18T02:08:39-04:00,1806807,python,D,248661348,186145800,529748776,249818672,529748776,5659206,913448,269662408,134375669,181135305
2026-07-18T02:08:44-04:00,1806807,python,D,248345332,186893312,529748776,249818672,529748776,5686359,1170264,271256296,134592373,181532222
2026-07-18T02:08:49-04:00,1806807,python,D,248548128,187122924,529748776,249818672,529748776,5713343,971928,272347840,134807781,181805108
2026-07-18T02:08:54-04:00,1806807,python,D,247148400,186521808,529748776,249818672,529748776,5732163,2325660,272347840,134957974,181805108
2026-07-18T02:08:59-04:00,1806807,python,D,248208892,185817680,529748776,249818672,529748776,5754516,1277424,272347840,135133973,181805108
2026-07-18T02:09:04-04:00,1806807,python,R,248688732,185688004,529748776,249818672,529748776,5776465,857404,272925696,135307792,181950779
2026-07-18T02:09:09-04:00,1806807,python,D,248651644,186069060,529748776,249818672,529748776,5797940,869768,273977920,135478713,182212628
2026-07-18T02:09:14-04:00,1806807,python,D,248602036,186458448,529748776,249818672,529748776,5819210,903396,275046840,135648647,182479858
2026-07-18T02:09:20-04:00,1806807,python,D,248419332,186944104,529748776,249818672,529748776,5838166,1117852,276138348,135800242,182752735
2026-07-18T02:09:25-04:00,1806807,python,D,248320408,187372856,529748776,249818672,529748776,5858909,1206452,277227844,135965239,183025109
2026-07-18T02:09:30-04:00,1806807,python,D,247439696,186660064,529748776,249818672,529748776,5881190,2067276,277227844,136143574,183025109
2026-07-18T02:09:35-04:00,1806807,python,D,248675980,186306436,529748776,249818672,529748776,5908759,832968,277756232,136364171,183157206
2026-07-18T02:09:40-04:00,1806807,python,D,246075088,187383620,529748776,249818672,529748776,5933017,3398044,279609672,136558206,183620566
2026-07-18T02:09:45-04:00,1806807,python,D,247821652,186509404,529748776,249818672,529748776,5960332,1634020,279609672,136776742,183620566
2026-07-18T02:09:50-04:00,1806807,python,D,248164520,187010580,529748776,249818672,529748776,5986577,1280280,280972808,136986609,183962511
2026-07-18T02:09:55-04:00,1806807,python,D,246866836,186837624,529748776,249818672,529748776,6012607,2566164,281610532,137194959,184120781
2026-07-18T02:10:00-04:00,1806807,python,D,248584520,185978220,529748776,249818672,529748776,6039467,844212,281610532,137409841,184120781
2026-07-18T02:10:05-04:00,1806807,python,D,248361104,186900632,529748776,249818672,529748776,6061163,1172260,283240108,137583295,184529554
2026-07-18T02:10:10-04:00,1806807,python,D,246449668,187258628,529748776,249818672,529748776,6084654,2996564,284330324,137771210,184800729
2026-07-18T02:10:15-04:00,1806807,python,D,248280344,186343472,529748776,249818672,529748776,6113269,1165620,284330324,138000138,184800729
2026-07-18T02:10:20-04:00,1806807,python,D,248601872,186905484,529748776,249818672,529748776,6140760,920192,285790428,138219930,185166800
2026-07-18T02:10:25-04:00,1806807,python,D,247151944,186711896,529748776,249818672,529748776,6161394,2313488,286236844,138385066,185277359
2026-07-18T02:10:30-04:00,1806807,python,D,248669960,186033528,529748776,249818672,529748776,6187655,846096,286404780,138594995,185320367
2026-07-18T02:10:35-04:00,1806807,python,D,248584792,186858144,529748776,249818672,529748776,6210693,936720,287981032,138779300,185715164
2026-07-18T02:10:40-04:00,1806807,python,D,247608752,186433168,529748776,249818672,529748776,6238887,1821400,288437044,139004918,185827795
2026-07-18T02:10:45-04:00,1806807,python,D,248334456,186616052,529748776,249818672,529748776,6267148,1191268,289541792,139230882,186105511
2026-07-18T02:10:50-04:00,1806807,python,D,248565608,187053148,529748776,249818672,529748776,6288186,873120,290631836,139399151,186376574
2026-07-18T02:10:55-04:00,1806807,python,D,247481064,186470556,529748776,249818672,529748776,6307995,1978224,290683036,139557684,186389374
2026-07-18T02:11:00-04:00,1806807,python,D,248649212,186079836,529748776,249818672,529748776,6332302,865824,291078300,139751978,186488190
2026-07-18T02:11:05-04:00,1806807,python,D,248590176,186786852,529748776,249818672,529748776,6352510,922208,292421848,139913745,186825599
2026-07-18T02:11:10-04:00,1806807,python,D,247031360,186758404,529748776,249818672,529748776,6374834,2458256,293107928,140092403,186995597
2026-07-18T02:11:15-04:00,1806807,python,D,248627880,185989700,529748776,249818672,529748776,6400718,875560,293167320,140299482,187010771
2026-07-18T02:11:20-04:00,1806807,python,D,248519376,186812852,529748776,249818672,529748776,6423056,972380,294702908,140478173,187394747
2026-07-18T02:11:25-04:00,1806807,python,D,246957268,186750708,529748776,249818672,529748776,6444135,2505356,295315208,140646735,187547822
2026-07-18T02:11:30-04:00,1806807,python,D,248637828,185913796,529748776,249818672,529748776,6470535,859520,295327496,140857793,187550894
2026-07-18T02:11:35-04:00,1806807,python,D,248200216,187135612,529748776,249818672,529748776,6494923,1269692,297341152,141052926,188056718
2026-07-18T02:11:40-04:00,1806807,python,D,246678700,187186624,529748776,249818672,529748776,6520975,2703520,298208104,141261389,188271990
2026-07-18T02:11:45-04:00,1806807,python,D,248358688,186346316,529748776,249818672,529748776,6547240,1008984,298208104,141471481,188271990
2026-07-18T02:11:50-04:00,1806807,python,D,248158560,187171008,529748776,249818672,529748776,6566736,1291152,299656268,141627397,188634059
2026-07-18T02:11:55-04:00,1806807,python,D,246865320,186975384,529748776,249818672,529748776,6592117,2526552,300272716,141830428,188788171
2026-07-18T02:12:00-04:00,1806807,python,D,248151656,186575960,529748776,249818672,529748776,6619816,1280200,300760140,142051974,188910027
2026-07-18T02:12:05-04:00,1806807,python,D,248096292,187405212,529748776,249818672,529748776,6644027,1292940,302363180,142245740,189310801
2026-07-18T02:12:10-04:00,1806807,python,D,247554276,186525916,529748776,249818672,529748776,6671507,1817756,302363180,142465580,189310801
2026-07-18T02:12:15-04:00,1806807,python,D,248310648,186664584,529748776,249818672,529748776,6699504,1089852,303396888,142689608,189570320
2026-07-18T02:12:20-04:00,1806807,python,D,248474844,187202884,529748776,249818672,529748776,6721436,1111568,304630704,142864995,189902135
2026-07-18T02:12:25-04:00,1806807,python,D,247810644,186400684,529748776,249818672,529748776,6747539,1718976,304663092,143073826,189910282
2026-07-18T02:12:30-04:00,1806807,python,D,248393464,186518056,529748776,249818672,529748776,6769300,1211684,304816636,143247917,189951619
2026-07-18T02:12:35-04:00,1806807,python,D,248398564,187078396,529748776,249818672,529748776,6787067,1203240,305137532,143389889,190032245
2026-07-18T02:12:41-04:00,1806807,python,D,247109284,186790780,529748776,249818672,529748776,6809696,2472412,305573756,143571067,190141301
2026-07-18T02:12:46-04:00,1806807,python,D,248357668,186302140,529748776,249818672,529748776,6833418,1249168,305844092,143760815,190208885
2026-07-18T02:12:51-04:00,1806807,python,R,248565948,186761732,529748776,249818672,529748776,6854296,1022196,306974068,143927733,190492888
2026-07-18T02:12:56-04:00,1806807,python,D,246530688,186996876,529748776,249818672,529748776,6870012,3033304,307710120,144053636,190675392
2026-07-18T02:13:01-04:00,1806807,python,R,248160768,186181836,529748776,249818672,529748776,6895497,1366992,307710120,144257441,190675392
2026-07-18T02:13:06-04:00,1806807,python,D,248566436,186525892,529748776,249818672,529748776,6918887,1031424,308802412,144444509,190948818
2026-07-18T02:13:11-04:00,1806807,python,D,246342544,187088924,529748776,249818672,529748776,6938850,3214768,310004588,144604153,191249012
2026-07-18T02:13:16-04:00,1806807,python,D,247977380,186271144,529748776,249818672,529748776,6964430,1564320,310004588,144808793,191249012
2026-07-18T02:13:21-04:00,1806807,python,R,248575040,186447172,529748776,249818672,529748776,6988510,1021824,310958956,145001370,191487604
2026-07-18T02:13:26-04:00,1806807,python,D,246328772,187086772,529748776,249818672,529748776,7010325,3255932,312288700,145175843,191820040
2026-07-18T02:13:31-04:00,1806807,python,D,248075332,186212760,529748776,249818672,529748776,7037641,1452192,312288700,145394422,191820040
2026-07-18T02:13:36-04:00,1806807,python,D,248585940,186447800,529748776,249818672,529748776,7060953,1008036,313155004,145580878,192036616
2026-07-18T02:13:41-04:00,1806807,python,D,246340788,187081000,529748776,249818672,529748776,7082423,3242392,313155224,145752600,192036669
2026-07-18T02:13:46-04:00,1806807,python,D,247888988,186306880,529748776,249818672,529748776,7106628,1670384,313155224,145946260,192036669
2026-07-18T02:13:51-04:00,1806807,python,D,248536468,186431080,529748776,249818672,529748776,7130774,1060128,313193856,146139487,192046271
2026-07-18T02:13:56-04:00,1806807,python,R,247315056,187128756,529748776,249818672,529748776,7153466,2415460,313195652,146320855,192046720
2026-07-18T02:14:01-04:00,1806807,python,D,247671028,186426412,529748776,249818672,529748776,7175438,1894376,313195608,146496807,192046720
2026-07-18T02:14:06-04:00,1806807,python,R,248497932,186378032,529748776,249818672,529748776,7199793,1074076,313196256,146691466,192046880
2026-07-18T02:14:11-04:00,1806807,python,D,248477644,187144796,529748776,249818672,529748776,7223153,1116420,313196320,146878444,192046896
2026-07-18T02:14:16-04:00,1806807,python,D,247667064,186467300,529748776,249818672,529748776,7248498,1874664,313196320,147081137,192046896
2026-07-18T02:14:21-04:00,1806807,python,R,248385940,186549416,529748776,249818672,529748776,7273557,1185252,313196768,147281424,192047004
2026-07-18T02:14:26-04:00,1806807,python,D,248613324,187078952,529748776,249818672,529748776,7297235,1213716,313221700,147470982,192106407
2026-07-18T02:14:31-04:00,1806807,python,D,248002892,186233872,529748776,249818672,529748776,7323650,1806364,313221700,147682289,192106407
2026-07-18T02:14:36-04:00,1806807,python,R,248749904,186278768,529748776,249818672,529748776,7348419,1093244,313230956,147880460,192110309
2026-07-18T02:14:41-04:00,1806807,python,D,246658136,186849540,529748776,249818672,529748776,7372722,3164304,313230960,148074716,192110310
2026-07-18T02:14:46-04:00,1806807,python,D,248420816,185967468,529748776,249818672,529748776,7400288,1362904,313230960,148295229,192110310
2026-07-18T02:14:51-04:00,1806807,python,D,248678648,186369400,529748776,249818672,529748776,7420927,1161432,313450228,148460228,192165127
2026-07-18T02:14:56-04:00,1806807,python,D,246434944,186988796,529748776,249818672,529748776,7442035,3398000,313511668,148628898,192180487
2026-07-18T02:15:01-04:00,1806807,python,D,248049504,186181084,529748776,249818672,529748776,7467290,1745928,313511668,148831065,192180487
2026-07-18T02:15:06-04:00,1806807,python,R,248663344,186322000,529748776,249818672,529748776,7490892,1168568,313631620,149019816,192210472
2026-07-18T02:15:11-04:00,1806807,python,D,248704368,186943028,529748776,249818672,529748776,7511521,1132232,313983828,149184857,192298524
2026-07-18T02:15:16-04:00,1806807,python,D,248060312,186160012,529748776,249818672,529748776,7538881,1754468,313983828,149403793,192298524
2026-07-18T02:15:21-04:00,1806807,python,R,248705500,186268764,529748776,249818672,529748776,7562433,1109816,314841940,149592204,192513052
2026-07-18T02:15:26-04:00,1806807,python,D,248726920,186933212,529748776,249818672,529748776,7583850,1083356,316195668,149763419,192851484
2026-07-18T02:15:31-04:00,1806807,python,D,247896492,186233720,529748776,249818672,529748776,7607962,1844576,316263252,149956271,192868380
2026-07-18T02:15:36-04:00,1806807,python,D,248714168,186147084,529748776,249818672,529748776,7630789,1112984,316283732,150138850,192873500
2026-07-18T02:15:41-04:00,1806807,python,D,248730960,186756492,529748776,249818672,529748776,7650391,1107720,316283732,150295625,192873500
2026-07-18T02:15:46-04:00,1806807,python,R,247543148,186408828,529748776,249818672,529748776,7674293,2267404,316283732,150486815,192873500
2026-07-18T02:15:51-04:00,1806807,python,D,248734092,185975736,529748776,249818672,529748776,7697952,1085764,316283732,150676068,192873500
2026-07-18T02:15:57-04:00,1806807,python,R,248749280,186644552,529748776,249818672,529748776,7719376,1078556,316283732,150847448,192873500
2026-07-18T02:16:02-04:00,1806807,python,R,247287204,186525664,529748776,249818672,529748776,7741809,2523604,316283732,151026933,192873500
2026-07-18T02:16:07-04:00,1806807,python,R,248766916,185908256,529748776,249818672,529748776,7768787,1048980,316283732,151242526,192873500
2026-07-18T02:16:12-04:00,1806807,python,D,248770884,186661044,529748776,249818672,529748776,7792468,1063216,316283732,151432209,192873500
2026-07-18T02:16:17-04:00,1806807,python,D,247523336,186391772,529748776,249818672,529748776,7816933,2263312,316283840,151627879,192873527
2026-07-18T02:16:22-04:00,1806807,python,D,248781172,185951376,529748776,249818672,529748776,7842520,1050788,316283840,151832565,192873527
2026-07-18T02:16:27-04:00,1806807,python,D,248762816,186686344,529748776,249818672,529748776,7864906,1066600,316345588,152011681,192888964
2026-07-18T02:16:32-04:00,1806807,python,R,248447492,191871916,535077400,249818672,535077400,7872534,1379152,318709992,152072525,193480065
2026-07-18T02:16:37-04:00,1806807,python,D,241528448,199906568,536984740,249818672,542706796,7885711,8233548,322624744,152172659,194464184
2026-07-18T02:16:42-04:00,1806807,python,R,248335652,199831376,542706796,249818672,542706796,7927793,1388744,323019724,152500234,194554192
2026-07-18T02:16:47-04:00,1806807,python,R,241882304,207830820,544614136,249818672,550336192,7932595,7811144,326273308,152535305,195372444
2026-07-18T02:16:52-04:00,1806807,python,R,247797596,212259540,557965588,249818672,557965588,7935405,1622760,328843020,152555321,195953276
2026-07-18T02:16:57-04:00,1806807,python,R,248012784,221069200,573224368,249818672,573224368,7935433,1409668,328926752,152555380,195973656
2026-07-18T02:17:02-04:00,1806807,python,R,247441496,231226828,573224368,249818672,573224368,7935433,1901536,328926736,152555389,195973684
2026-07-18T02:17:07-04:00,1806807,python,R,247593624,240931432,596112552,249818672,596112552,7935585,1783280,330111512,152555616,196269991
2026-07-18T02:17:12-04:00,1806807,python,R,247593624,240931432,596112552,249818672,596112552,7935585,1753648,330111512,152555635,196269991
2026-07-18T02:17:17-04:00,1806807,python,R,225735448,240931056,580886532,249818672,596145320,7935686,23356372,330111512,152555761,196269991
2026-07-18T02:17:22-04:00,1806807,python,D,232651272,240694820,619999896,249818672,619999896,7950603,15939844,330111416,152615906,196269991
2026-07-18T02:17:27-04:00,1806807,python,D,234052628,239760280,619999896,249818672,619999896,7979812,14791016,330111416,152849620,196269991
2026-07-18T02:17:32-04:00,1806807,python,D,235522596,238779844,619999896,249818672,619999896,8010463,13723308,330111416,153094700,196269991
2026-07-18T02:17:37-04:00,1806807,python,D,236951740,237827924,619999896,249818672,619999896,8040210,12370316,330111416,153332663,196269991
2026-07-18T02:17:42-04:00,1806807,python,D,238365672,236885024,619999896,249818672,619999896,8069684,10948920,330111416,153568331,196269991
2026-07-18T02:17:47-04:00,1806807,python,D,239875512,235970836,622300680,249818672,622300680,8098252,9436512,330111416,153796818,196269991
2026-07-18T02:17:52-04:00,1806807,python,D,241590584,235113880,622300680,249818672,622300680,8125043,7706760,330111416,154011194,196269991
2026-07-18T02:17:57-04:00,1806807,python,D,243340888,234268756,622300680,249818672,622300680,8151451,5945216,330111416,154222436,196269991
2026-07-18T02:18:02-04:00,1806807,python,D,242798696,233389644,619999896,249818672,622300680,8178927,6137700,330111416,154442288,196269991
2026-07-18T02:18:07-04:00,1806807,python,D,244666568,232455692,619999896,249818672,622300680,8208108,4597864,330111416,154675767,196269991
2026-07-18T02:18:12-04:00,1806807,python,D,246512780,231532872,622300680,249818672,622300680,8236945,2773392,330111416,154906410,196269991
2026-07-18T02:18:17-04:00,1806807,python,D,248166092,230614792,622300680,249818672,622300680,8265637,1121004,330111416,155135950,196269991
2026-07-18T02:18:22-04:00,1806807,python,D,247925388,229770024,622300680,249818672,622300680,8292033,1383380,330111416,155347086,196269991
2026-07-18T02:18:27-04:00,1806807,python,D,248295940,228909968,622300680,249818672,622300680,8318917,1005208,330111416,155562167,196269991
2026-07-18T02:18:32-04:00,1806807,python,D,248404276,228025472,622300680,249818672,622300680,8346555,890140,330111416,155783200,196269991
2026-07-18T02:18:37-04:00,1806807,python,D,248261784,227131708,622300680,249818672,622300680,8374494,1031492,330111416,156006688,196269991
2026-07-18T02:18:42-04:00,1806807,python,D,248377696,226335828,622300680,249818672,622300680,8399376,922780,330111416,156205713,196269991
2026-07-18T02:18:47-04:00,1806807,python,D,248427116,226385796,622300680,249818672,622300680,8424711,960396,330912768,156408315,196470069
2026-07-18T02:18:52-04:00,1806807,python,D,246312020,226996764,619999896,249818672,622300680,8449595,3052376,332316996,156607461,196821243
2026-07-18T02:18:57-04:00,1806807,python,D,248081268,226112284,619999896,249818672,622300680,8477229,1252540,332316996,156828453,196821243
2026-07-18T02:19:02-04:00,1806807,python,D,248479140,226511952,619999896,249818672,622300680,8500371,893924,333461648,157013396,197108402
2026-07-18T02:19:07-04:00,1806807,python,R,248468168,227287680,622300680,249818672,622300680,8524243,897972,334997420,157204308,197491866
2026-07-18T02:19:12-04:00,1806807,python,R,248460840,228290440,622300680,249818672,622300680,8546824,901332,336720604,157385053,197924259
2026-07-18T02:19:17-04:00,1806807,python,R,248470976,228867872,622300680,249818672,622300680,8565145,894568,337891196,157531589,198218040
2026-07-18T02:19:23-04:00,1806807,python,D,248474348,229316948,622300680,249818672,622300680,8579289,888808,338783716,157644637,198442073
2026-07-18T02:19:28-04:00,1806807,python,D,247017296,229168644,619999896,249818672,622300680,8600959,2282828,339327108,157818183,198578814
2026-07-18T02:19:33-04:00,1806807,python,D,248105708,228888520,619999896,249818672,622300680,8626095,1251472,339865384,158019206,198714326
2026-07-18T02:19:38-04:00,1806807,python,R,248437260,229212092,619999896,249818672,622300680,8646745,935596,340835812,158184450,198956707
2026-07-18T02:19:43-04:00,1806807,python,R,248429236,229714264,622300680,249818672,622300680,8662154,931384,341831064,158307678,199206963
2026-07-18T02:19:48-04:00,1806807,python,R,248380848,230383100,622300680,249818672,622300680,8681534,979904,343120036,158462768,199530948
2026-07-18T02:19:53-04:00,1806807,python,D,248423484,230983828,622300680,249818672,622300680,8701667,997940,343448400,158623737,199615092
2026-07-18T02:19:58-04:00,1806807,python,D,248279032,231827864,622300680,249818672,622300680,8723533,1138676,343448408,158798644,199615094
2026-07-18T02:20:03-04:00,1806807,python,D,248116432,232486588,622300680,249818672,622300680,8739019,1292320,343448424,158922533,199615102
2026-07-18T02:20:08-04:00,1806807,python,D,248229096,233144036,622300680,249818672,622300680,8763117,1200376,343448424,159115297,199615102
2026-07-18T02:20:13-04:00,1806807,python,R,248221868,233821120,622300680,249818672,622300680,8784040,1198032,343448432,159282495,199615110
2026-07-18T02:20:18-04:00,1806807,python,D,247912028,234749296,622300680,249818672,622300680,8799521,1506576,343448432,159406357,199615132
2026-07-18T02:20:23-04:00,1806807,python,D,248215028,235237504,622300680,249818672,622300680,8823935,1234080,343448432,159601594,199615165
2026-07-18T02:20:28-04:00,1806807,python,D,247785144,236412212,622300680,249818672,622300680,8847541,1609840,343448432,159790419,199615185
2026-07-18T02:20:33-04:00,1806807,python,D,247760332,237028992,622300680,249818672,622300680,8866042,1662496,343448556,159938346,199615219
2026-07-18T02:20:38-04:00,1806807,python,R,248261896,237205348,622300680,249818672,622300680,8887238,1153064,343448556,160107926,199615238
2026-07-18T02:20:43-04:00,1806807,python,R,248271888,237867100,622300680,249818672,622300680,8908224,1131136,343448788,160275641,199615284
2026-07-18T02:20:48-04:00,1806807,python,R,248299104,238433772,622300680,249818672,622300680,8926783,1093564,343704756,160424080,199679288
2026-07-18T02:20:53-04:00,1806807,python,D,248017912,239210452,622300680,249818672,622300680,8942151,1390300,343811320,160547074,199705947
2026-07-18T02:20:58-04:00,1806807,python,R,248282308,239671176,622300680,249818672,622300680,8964816,1134512,343811320,160728346,199705974
2026-07-18T02:21:03-04:00,1806807,python,D,248032156,240630240,622300680,249818672,622300680,8986995,1375896,343811324,160905659,199706004
2026-07-18T02:21:08-04:00,1806807,python,D,245834132,241226584,619999896,249818672,622300680,9008830,3553876,343811340,161080318,199706022
2026-07-18T02:21:13-04:00,1806807,python,D,247549556,240369208,619999896,249818672,622300680,9035621,1808320,343811340,161294662,199706022
2026-07-18T02:21:18-04:00,1806807,python,R,248192796,240764496,619999896,249818672,622300680,9059831,1201756,343811340,161481752,199706022
2026-07-18T02:21:23-04:00,1806807,python,D,248288836,241624652,622300680,249818672,622300680,9082531,1120096,343811516,161657632,199706066
2026-07-18T02:21:28-04:00,1806807,python,D,248385984,242229108,622300680,249818672,622300680,9104401,1026256,343811520,161832571,199706067
2026-07-18T02:21:33-04:00,1806807,python,D,248376256,242890320,622300680,249818672,622300680,9124798,1040056,343814488,161995447,199706809
2026-07-18T02:21:38-04:00,1806807,python,D,247467984,244257512,622300680,249818672,622300680,9139160,1944156,343815816,162110349,199707174
2026-07-18T02:21:43-04:00,1806807,python,R,248210700,244311872,622300680,249818672,622300680,9164027,1185116,343815816,162308763,199707179
2026-07-18T02:21:48-04:00,1806807,python,D,248237532,245011592,622300680,249818672,622300680,9186749,1177788,343815904,162490563,199707223
2026-07-18T02:21:53-04:00,1806807,python,R,247919264,245754284,619999896,249818672,622300680,9208187,1501664,343816068,162661639,199707298
2026-07-18T02:21:58-04:00,1806807,python,R,247984924,246491880,622300680,249818672,622300680,9225105,1420372,343816072,162796990,199707335
2026-07-18T02:22:03-04:00,1806807,python,D,248269904,246951476,622300680,249818672,622300680,9248368,1146468,343816116,162982836,199707370
2026-07-18T02:22:08-04:00,1806807,python,D,247951340,247973260,622300680,249818672,622300680,9270287,1426656,343816564,163158188,199707505
2026-07-18T02:22:13-04:00,1806807,python,D,247797144,248585136,622300680,249818672,622300680,9284596,1599384,343816664,163272585,199707530
2026-07-18T02:22:18-04:00,1806807,python,D,248254340,248855124,622300680,249818672,622300680,9307371,1159840,343816696,163454762,199707538
2026-07-18T02:22:23-04:00,1806807,python,R,248303188,249537448,622300680,249818672,622300680,9330212,1102836,343816808,163637493,199707566
2026-07-18T02:22:28-04:00,1806807,python,R,246186708,250359348,619999896,249818672,622300680,9351968,3408364,343817320,163811222,199707694
2026-07-18T02:22:33-04:00,1806807,python,R,248320680,250848212,622300680,249818672,622300680,9371717,1079964,343817412,163969410,199707717
2026-07-18T02:22:38-04:00,1806807,python,D,248314132,251557960,622300680,249818672,622300680,9393690,1087668,343817428,164145176,199707721
2026-07-18T02:22:44-04:00,1806807,python,D,248343560,252270852,622300680,249818672,622300680,9416864,1063100,343817428,164330613,199707721
2026-07-18T02:22:49-04:00,1806807,python,R,247412116,252520208,619999896,249818672,622300680,9439771,1981640,343817428,164510862,199707721
2026-07-18T02:22:54-04:00,1806807,python,D,248244760,252922800,622300680,249818672,622300680,9463013,1152200,343817460,164690136,199707729
2026-07-18T02:22:59-04:00,1806807,python,D,248147792,253760752,622300680,249818672,622300680,9485922,1294628,343817684,164873416,199707785
2026-07-18T02:23:04-04:00,1806807,python,R,247995740,254713452,622300680,249818672,622300680,9511186,1403568,343817700,165075537,199707789
2026-07-18T02:23:09-04:00,1806807,python,R,247909064,257710308,654511604,249818672,654511604,9524626,1510156,344905352,165182891,199987795
2026-07-18T02:23:14-04:00,1806807,python,R,248183228,267900732,654511604,249818672,654511604,9524626,1395268,349911428,165182894,201290719
2026-07-18T02:23:19-04:00,1806807,python,R,248090844,277847712,654511604,249818672,654511604,9524626,1439100,353000964,165182896,202063190
2026-07-18T02:23:24-04:00,1806807,python,R,247990612,288398472,654511604,249818672,654511604,9524626,1377372,362251240,165182902,204353277
2026-07-18T02:23:29-04:00,1806807,python,R,248318800,289579124,656812388,249818672,656812388,9545097,1068036,364086288,165346823,204812039
2026-07-18T02:23:34-04:00,1806807,python,D,248328876,290269332,656812388,249818672,656812388,9566912,1043556,365480976,165521364,205160711
2026-07-18T02:23:39-04:00,1806807,python,D,248323188,290986744,656812388,249818672,656812388,9589248,1069924,366178420,165700013,205339130
2026-07-18T02:23:44-04:00,1806807,python,D,246931288,290761456,656812388,249818672,656812388,9610566,2440512,366178436,165870577,205339156
2026-07-18T02:23:49-04:00,1806807,python,D,248313056,290244992,656812388,249818672,656812388,9637648,1072232,366167996,166087202,205340643
2026-07-18T02:23:54-04:00,1806807,python,R,248313448,290938564,656812388,249818672,656812388,9659228,1075292,366646040,166259884,205460251
2026-07-18T02:23:59-04:00,1806807,python,R,248155456,291388520,656812388,249818672,656812388,9668427,1203624,366751232,166333291,205486602
2026-07-18T02:24:04-04:00,1806807,python,D,246727648,290952808,656812388,249818672,656812388,9682065,1938032,366751232,166442554,205486602
2026-07-18T02:24:09-04:00,1806807,python,D,248357360,290140280,656812388,249818672,656812388,9707598,961672,366752568,166646812,205486936
2026-07-18T02:24:14-04:00,1806807,python,D,248484100,290711844,656812388,249818672,656812388,9729446,910268,367036352,166821534,205559424
2026-07-18T02:24:19-04:00,1806807,python,D,246149060,291518948,656812388,249818672,656812388,9753608,3159880,368615128,167014968,205952753
2026-07-18T02:24:24-04:00,1806807,python,D,247923872,290631140,656812388,249818672,656812388,9781353,1364272,368615128,167236929,205952753
2026-07-18T02:24:29-04:00,1806807,python,R,248078136,291257036,656812388,249818672,656812388,9805741,1301172,369290868,167431958,206121699
2026-07-18T02:24:34-04:00,1806807,python,R,246823120,291238392,656812388,249818672,656812388,9812228,2451840,369398948,167483706,206148719
2026-07-18T02:24:39-04:00,1806807,python,D,247132136,290675296,656812388,249818672,656812388,9829852,2230572,369398948,167624843,206148719
2026-07-18T02:24:44-04:00,1806807,python,D,248316900,290342124,656812388,249818672,656812388,9856493,1086272,369725792,167838055,206230430
2026-07-18T02:24:49-04:00,1806807,python,D,248381708,290950788,656812388,249818672,656812388,9877551,1025332,370168136,168006502,206341016
2026-07-18T02:24:54-04:00,1806807,python,R,247957396,291586580,656812388,249818672,656812388,9884130,1361360,370354860,168058934,206387700
2026-07-18T02:24:59-04:00,1806807,python,D,246906796,290962076,656812388,249818672,656812388,9903667,2234776,370340524,168215397,206387700
2026-07-18T02:25:04-04:00,1806807,python,R,248445352,290289928,656812388,249818672,656812388,9930791,949988,370528796,168432437,206434768
2026-07-18T02:25:09-04:00,1806807,python,R,248451672,290984048,656812388,249818672,656812388,9952649,925608,371602032,168607082,206703143
2026-07-18T02:25:14-04:00,1806807,python,R,248280688,291682872,668281168,249818672,668281168,9956036,1101928,372179380,168634152,206847414
2026-07-18T02:25:19-04:00,1806807,python,D,243650928,296039480,666015384,249818672,668281168,9960541,5634236,375808516,168670130,207754695
2026-07-18T02:25:24-04:00,1806807,python,D,245603936,295063404,666015384,249818672,668281168,9991086,3653640,375808516,168914261,207754695
2026-07-18T02:25:29-04:00,1806807,python,D,247577464,294077040,666015384,249818672,668281168,10021946,1654044,375808516,169160797,207754695
2026-07-18T02:25:34-04:00,1806807,python,D,247066588,293183020,666015384,249818672,668281168,10049923,2166420,375808516,169384253,207754695
2026-07-18T02:25:39-04:00,1806807,python,D,248445216,292657524,666015384,249818672,668281168,10076472,912784,376045520,169596528,207813947
2026-07-18T02:25:44-04:00,1806807,python,D,248408496,293413132,666015384,249818672,668281168,10099115,948564,377257708,169777203,208116994
2026-07-18T02:25:49-04:00,1806807,python,D,247741568,292620616,666015384,249818672,668281168,10125405,1583680,377286380,169987494,208124162
2026-07-18T02:25:54-04:00,1806807,python,D,248439288,292733804,666015384,249818672,668281168,10150739,917912,378103552,170189855,208328455
2026-07-18T02:26:00-04:00,1806807,python,D,246253148,293365672,666015384,249818672,668281168,10174049,3074632,378451660,170376315,208415482
2026-07-18T02:26:05-04:00,1806807,python,D,247965124,292511712,666015384,249818672,668281168,10200940,1312212,378451660,170589881,208415482
2026-07-18T02:26:10-04:00,1806807,python,D,248395776,292821260,666015384,249818672,668281168,10224142,939612,378484644,170773432,208423780
2026-07-18T02:26:15-04:00,1806807,python,R,246351672,293279420,666015384,249818672,668281168,10246471,3052104,378486716,170951643,208427312
2026-07-18T02:26:20-04:00,1806807,python,D,248170168,292370124,666015384,249818672,668281168,10274882,1226808,378486716,171178928,208427312
2026-07-18T02:26:25-04:00,1806807,python,D,248482756,292822572,666015384,249818672,668281168,10298823,979268,378486716,171370520,208427345
2026-07-18T02:26:30-04:00,1806807,python,D,246629956,292684968,666015384,249818672,668281168,10321705,2782236,379039888,171553309,208566309
2026-07-18T02:26:35-04:00,1806807,python,D,248252364,291873536,666015384,249818672,668281168,10347061,1109556,379039888,171756145,208566309
2026-07-18T02:26:40-04:00,1806807,python,D,248514696,292324736,666015384,249818672,668281168,10369381,901956,380205104,171934692,208857613
2026-07-18T02:26:45-04:00,1806807,python,D,246412612,292826304,666015384,249818672,668281168,10391223,2980836,381405128,172109443,209157619
2026-07-18T02:26:50-04:00,1806807,python,D,248299048,291883932,666015384,249818672,668281168,10420669,1084404,381405128,172345016,209157619
2026-07-18T02:26:55-04:00,1806807,python,D,248291972,292625512,666015384,249818672,668281168,10443635,1124880,382881644,172528655,209526748
2026-07-18T02:27:00-04:00,1806807,python,D,246433992,292935872,666015384,249818672,668281168,10467032,2955664,383940460,172715844,209791452
2026-07-18T02:27:05-04:00,1806807,python,D,248056184,292124720,666015384,249818672,668281168,10492386,1324104,383940460,172918640,209791452
2026-07-18T02:27:10-04:00,1806807,python,D,248457912,292457388,666015384,249818672,668281168,10515250,943256,385005420,173101263,210057692
2026-07-18T02:27:15-04:00,1806807,python,D,246446596,292812804,666015384,249818672,668281168,10535500,2936848,386006820,173263198,210308042
2026-07-18T02:27:20-04:00,1806807,python,D,248145132,291964060,666015384,249818672,668281168,10562029,1171092,386006592,173482964,210308042
2026-07-18T02:27:25-04:00,1806807,python,D,248428124,292441048,666015384,249818672,668281168,10585816,943660,386310688,173673186,210393588
2026-07-18T02:27:30-04:00,1806807,python,D,246545328,292779576,666015384,249818672,668281168,10609437,2810968,386310688,173862056,210393588
2026-07-18T02:27:35-04:00,1806807,python,D,248359256,291872880,666015384,249818672,668281168,10637780,975464,386309840,174088929,210393588
2026-07-18T02:27:40-04:00,1806807,python,D,248448720,292613776,666015384,249818672,668281168,10663769,922628,386309840,174296673,210393588
2026-07-18T02:27:45-04:00,1806807,python,D,246364888,292935376,666015384,249818672,668281168,10680574,2976032,386309840,174430960,210393588
2026-07-18T02:27:50-04:00,1806807,python,D,248101472,292067080,666015384,249818672,668281168,10707712,1231108,386309840,174647954,210393588
2026-07-18T02:27:55-04:00,1806807,python,R,248458020,292499088,666015384,249818672,668281168,10732381,908132,386309840,174845353,210393588
2026-07-18T02:28:00-04:00,1806807,python,D,246047060,293118196,666015384,249818672,668281168,10752886,3302040,386309840,175008977,210393588
2026-07-18T02:28:05-04:00,1806807,python,D,247901428,292191476,666015384,249818672,668281168,10781860,1410016,386309840,175240881,210393588
2026-07-18T02:28:10-04:00,1806807,python,D,248441048,292468048,666015384,249818672,668281168,10807413,915884,386309840,175445217,210393588
2026-07-18T02:28:15-04:00,1806807,python,R,247553104,293172792,666015384,249818672,668281168,10827737,1715564,386309856,175607140,210393592
2026-07-18T02:28:20-04:00,1806807,python,D,247533836,292405500,666015384,249818672,668281168,10853441,1814572,386309856,175812954,210393592
2026-07-18T02:28:25-04:00,1806807,python,D,248454580,292289264,666015384,249818672,668281168,10878610,918580,386309856,176014336,210393592
2026-07-18T02:28:30-04:00,1806807,python,R,247712020,293020020,666015384,249818672,668281168,10899639,1626268,386310344,176182355,210393738
2026-07-18T02:28:35-04:00,1806807,python,D,247020924,292682924,666015384,249818672,668281168,10917995,2294760,386310288,176329358,210393742
2026-07-18T02:28:40-04:00,1806807,python,D,248459924,292065044,666015384,249818672,668281168,10943651,912028,386310288,176534579,210393742
2026-07-18T02:28:45-04:00,1806807,python,D,248445532,292772128,666015384,249818672,668281168,10965316,906064,386330044,176707948,210398824
2026-07-18T02:28:50-04:00,1806807,python,D,246274792,293101376,666015384,249818672,668281168,10979647,3068392,386316860,176822563,210399650
2026-07-18T02:28:55-04:00,1806807,python,D,248007496,292234816,666015384,249818672,668281168,11006722,1318580,386316860,177039164,210399650
2026-07-18T02:29:00-04:00,1806807,python,D,248449580,292568616,666015384,249818672,668281168,11030982,924520,386316860,177233229,210399650
2026-07-18T02:29:05-04:00,1806807,python,D,246496808,292916160,666015384,249818672,668281168,11052695,2831504,386330200,177406976,210402985
2026-07-18T02:29:10-04:00,1806807,python,D,248335292,291997164,666015384,249818672,668281168,11081403,984380,386330200,177636589,210402985
2026-07-18T02:29:15-04:00,1806807,python,D,248424688,292630520,666015384,249818672,668281168,11104031,947628,386348352,177817642,210407579
2026-07-18T02:29:21-04:00,1806807,python,R,248307772,294352772,668281040,249818672,668281168,11115387,1058392,386355152,177907965,210409311
2026-07-18T02:29:26-04:00,1806807,python,D,243344344,298103168,666015384,249818672,668281168,11116386,5683960,386387300,177916050,210417350
2026-07-18T02:29:31-04:00,1806807,python,D,245195648,297177528,666015384,249818672,668281168,11145324,4089892,386387300,178147572,210417350
2026-07-18T02:29:36-04:00,1806807,python,D,247059992,296245056,666015384,249818672,668281168,11174468,2228788,386387300,178380650,210417350
2026-07-18T02:29:41-04:00,1806807,python,D,246469428,295389700,666015384,249818672,668281168,11201193,2450324,386387300,178594289,210417350
2026-07-18T02:29:46-04:00,1806807,python,D,248299996,294478716,666015384,249818672,668281168,11229928,1041572,386387372,178824194,210417368
2026-07-18T02:29:51-04:00,1806807,python,D,248288820,295230484,666015384,249818672,668281168,11253088,1065156,386410268,179009258,210423093
2026-07-18T02:29:56-04:00,1806807,python,D,246725748,295229668,666015384,249818672,668281168,11276084,2617908,386412616,179193413,210423685
2026-07-18T02:30:01-04:00,1806807,python,D,246462256,295259752,666015384,249818672,668281168,11298826,2887820,386412616,179374818,210423685
2026-07-18T02:30:06-04:00,1806807,python,D,248207172,294387188,666015384,249818672,668281168,11326109,1097028,386398280,179593041,210423685
2026-07-18T02:30:11-04:00,1806807,python,R,248373904,294948396,666015384,249818672,668281168,11348900,983592,386432100,179775303,210432152
2026-07-18T02:30:16-04:00,1806807,python,R,247903456,295539000,666015384,249818672,668281168,11361195,1365948,386447596,179873486,210436028
2026-07-18T02:30:21-04:00,1806807,python,D,247426168,294764800,666015384,249818672,668281168,11385408,1891476,386447596,180067323,210436028
2026-07-18T02:30:26-04:00,1806807,python,R,248372084,294621204,666015384,249818672,668281168,11410525,996560,386448888,180268294,210436351
2026-07-18T02:30:31-04:00,1806807,python,D,248362796,295352604,666015384,249818672,668281168,11433089,986384,386505964,180448539,210450633
2026-07-18T02:30:36-04:00,1806807,python,D,247228056,294891260,666015384,249818672,668281168,11455104,2086112,386507092,180624807,210450915
2026-07-18T02:30:41-04:00,1806807,python,D,248419552,294529888,666015384,249818672,668281168,11481040,939300,386508664,180832206,210451321
2026-07-18T02:30:46-04:00,1806807,python,R,248398412,295258932,666015384,249818672,668281168,11503167,964084,386523972,181009257,210455145
2026-07-18T02:30:51-04:00,1806807,python,D,246872364,295042060,666015384,249818672,668281168,11520599,2462380,386537768,181148795,210458600
2026-07-18T02:30:56-04:00,1806807,python,R,248428180,294358340,666015384,249818672,668281168,11547842,943368,386541412,181366672,210459512
2026-07-18T02:31:01-04:00,1806807,python,R,248429304,295078716,666015384,249818672,668281168,11570397,932740,386563892,181547112,210465137
2026-07-18T02:31:06-04:00,1806807,python,D,246944528,294949512,666015384,249818672,668281168,11591856,2379088,386572952,181718745,210467404
2026-07-18T02:31:11-04:00,1806807,python,D,248439364,294315272,666015384,249818672,668281168,11618758,912912,386577760,181933961,210468606
2026-07-18T02:31:16-04:00,1806807,python,D,248440868,295104520,666015384,249818672,668281168,11643479,915996,386578552,182131721,210468804
2026-07-18T02:31:21-04:00,1806807,python,R,248234636,297927092,668281040,249818672,668281168,11648785,1122956,386616080,182174025,210478240
2026-07-18T02:31:26-04:00,1806807,python,D,243864564,300047956,666015384,249818672,668281168,11658228,5470000,386978272,182240981,210572909
2026-07-18T02:31:31-04:00,1806807,python,D,245770816,299046772,666015384,249818672,668281168,11690755,3532644,386978272,182491289,210572909
2026-07-18T02:31:36-04:00,1806807,python,D,247702108,298057548,666015384,249818672,668281168,11721976,1569524,386961888,182738541,210572909
2026-07-18T02:31:41-04:00,1806807,python,D,246641232,297418680,666015384,249818672,668281168,11742304,2642984,386961888,182898304,210572909
2026-07-18T02:31:46-04:00,1806807,python,D,248331076,296564420,666015384,249818672,668281168,11769360,1000016,386945520,183112769,210572913
2026-07-18T02:31:51-04:00,1806807,python,R,248372156,297215692,666015384,249818672,668281168,11792633,970784,387230868,183295144,210644266
2026-07-18T02:31:56-04:00,1806807,python,R,248227304,297790336,666015384,249818672,668281168,11818662,1120432,387430968,183481330,210694297
2026-07-18T02:32:01-04:00,1806807,python,R,248232488,297785152,666015384,249818672,668281168,11818870,1094348,387414584,183482628,210694297
2026-07-18T02:32:06-04:00,1806807,python,R,247006296,302605008,668281040,249818672,668281168,11827521,2316420,388654016,183536734,211004534
2026-07-18T02:32:11-04:00,1806807,python,D,244354612,302157404,666015384,249818672,668281168,11844201,4997464,388654016,183667536,211004536
2026-07-18T02:32:16-04:00,1806807,python,D,246128780,301273956,666015384,249818672,668281168,11872005,3191360,388654016,183888413,211004536
2026-07-18T02:32:21-04:00,1806807,python,D,247866296,300417208,666015384,249818672,668281168,11898857,1448408,388654016,184102442,211004536
2026-07-18T02:32:26-04:00,1806807,python,D,246799980,299804100,666015384,249818672,668281168,11918047,2512220,388654016,184255650,211004536
2026-07-18T02:32:31-04:00,1806807,python,R,248425120,299076312,666015384,249818672,668281168,11945724,941320,388654016,184476586,211004536
2026-07-18T02:32:36-04:00,1806807,python,D,248411748,299706828,666015384,249818672,668281168,11965008,960540,389455544,184630818,211205510
2026-07-18T02:32:42-04:00,1806807,python,D,247983616,299926324,666015384,249818672,668281168,11986051,1357748,389860536,184772379,211307030
2026-07-18T02:32:47-04:00,1806807,python,R,246427764,299991900,665621952,249818672,668281168,12000992,2850416,389860536,184865377,211307073
2026-07-18T02:32:52-04:00,1806807,python,D,163495112,299693984,580886492,249818672,668281168,12009951,85096684,387990828,184884391,211307073
2026-07-18T02:32:57-04:00,1806807,python,D,164915344,298766424,619999768,249818672,668281168,12041573,83979240,387990828,185114976,211307073
2026-07-18T02:33:02-04:00,1806807,python,D,166390816,297804908,619999768,249818672,668281168,12073429,82979492,387990828,185355355,211307073
2026-07-18T02:33:07-04:00,1806807,python,D,167833108,296862456,619999768,249818672,668281168,12104622,81550540,387990828,185590940,211307073
2026-07-18T02:33:12-04:00,1806807,python,D,169264048,295931132,619999768,249818672,668281168,12135740,80122912,387976492,185823822,211307073
2026-07-18T02:33:17-04:00,1806807,python,D,170882688,295041284,622300552,249818672,668281168,12165647,78499920,387976492,186046304,211307073
2026-07-18T02:33:22-04:00,1806807,python,D,172814716,294241848,622300552,249818672,668281168,12194027,76545388,387960108,186246131,211307073
2026-07-18T02:33:27-04:00,1806807,python,D,174334748,293456628,619999768,249818672,668281168,12220527,75021628,387960108,186442438,211307073
2026-07-18T02:33:32-04:00,1806807,python,D,175143196,292648308,619999768,249818672,668281168,12245787,74199340,387943724,186644534,211307073
2026-07-18T02:33:37-04:00,1806807,python,D,175941628,291849780,619999768,249818672,668281168,12270748,73405496,387943724,186844182,211307073
2026-07-18T02:33:42-04:00,1806807,python,D,175051556,291003480,619999768,249818672,668281168,12298677,74095576,387927340,187055769,211307073
2026-07-18T02:33:47-04:00,1806807,python,D,177244712,290112808,619999768,249818672,668281168,12330637,72112188,387927340,187278416,211307073
2026-07-18T02:33:52-04:00,1806807,python,D,179206072,289216088,622300552,249818672,668281168,12360731,70122704,387910956,187502603,211307073
2026-07-18T02:33:57-04:00,1806807,python,D,181201160,288320840,622300552,249818672,668281168,12391131,68146616,387910956,187726405,211307073
2026-07-18T02:34:02-04:00,1806807,python,D,182891084,287554564,622300552,249818672,668281168,12416758,66454336,387894572,187918027,211307073
2026-07-18T02:34:07-04:00,1806807,python,D,185000976,286661212,622300552,249818672,668281168,12447609,64349608,387894572,188141280,211307073
2026-07-18T02:34:12-04:00,1806807,python,D,186692264,285920232,622300552,249818672,668281168,12472648,62642808,387878188,188326527,211307073
2026-07-18T02:34:17-04:00,1806807,python,R,188556968,285067080,622300552,249818672,668281168,12500966,60789312,387878188,188539863,211307073
2026-07-18T02:34:22-04:00,1806807,python,R,189684540,284183796,619999768,249818672,668281168,12531421,59510692,387861804,188760318,211307073
2026-07-18T02:34:27-04:00,1806807,python,D,189965148,283354164,619999768,249818672,668281168,12558975,59239244,387861804,188968022,211307073
2026-07-18T02:34:32-04:00,1806807,python,D,191673484,282555108,619999768,249818672,668281168,12585161,57668900,387861804,189167758,211307073
2026-07-18T02:34:37-04:00,1806807,python,D,193565940,281721048,622300552,249818672,668281168,12614252,55773500,387845420,189376345,211307073
2026-07-18T02:34:42-04:00,1806807,python,R,195789076,280730964,622300552,249818672,668281168,12648649,53556700,387845420,189623784,211307073
2026-07-18T02:34:47-04:00,1806807,python,D,194963896,280057272,619999768,249818672,668281168,12671534,53760600,387829036,189792247,211307073
2026-07-18T02:34:52-04:00,1806807,python,R,196716876,279236104,619999768,249818672,668281168,12698971,52533972,387829036,189997528,211307073
2026-07-18T02:34:57-04:00,1806807,python,D,198527768,278404216,619999768,249818672,668281168,12726786,50810716,387812652,190205537,211307073
2026-07-18T02:35:02-04:00,1806807,python,D,200238952,277665544,622300552,249818672,668281168,12752754,49096908,387812652,190390182,211307073
2026-07-18T02:35:07-04:00,1806807,python,D,201894780,276912828,622300552,249818672,668281168,12778514,47422176,387796268,190578343,211307073
2026-07-18T02:35:12-04:00,1806807,python,D,203388232,276214076,622300552,249818672,668281168,12801944,45936648,387796268,190753003,211307073
2026-07-18T02:35:17-04:00,1806807,python,D,205117536,275396144,622300552,249818672,668281168,12828705,44191808,387779884,190957479,211307073
2026-07-18T02:35:22-04:00,1806807,python,D,207006296,274555936,622300552,249818672,668281168,12857285,42300032,387779884,191167481,211307073
2026-07-18T02:35:27-04:00,1806807,python,D,208740320,273833520,622300552,249818672,668281168,12883315,40552240,387763500,191348118,211307073
2026-07-18T02:35:32-04:00,1806807,python,D,210621444,273011372,622300552,249818672,668281168,12911435,38712008,387763500,191553631,211307073
2026-07-18T02:35:37-04:00,1806807,python,R,212129376,272326704,622300552,249818672,668281168,12934728,37165272,387747116,191724800,211307073
2026-07-18T02:35:42-04:00,1806807,python,R,213999972,271531256,622300552,249818672,668281168,12963597,35314132,387747116,191923723,211307073
2026-07-18T02:35:47-04:00,1806807,python,R,215649032,270773020,622300552,249818672,668281168,12989379,33657144,387730732,192113217,211307073
2026-07-18T02:35:52-04:00,1806807,python,D,217717124,269917444,622300552,249818672,668281168,13020431,31580384,387730732,192326723,211307073
2026-07-18T02:35:58-04:00,1806807,python,D,217075876,269145760,619999768,249818672,668281168,13046763,31961424,387714348,192519673,211307073
2026-07-18T02:36:03-04:00,1806807,python,D,218872196,268314224,619999768,249818672,668281168,13075102,30434000,387714348,192727505,211307073
2026-07-18T02:36:08-04:00,1806807,python,R,220720776,267462972,619999768,249818672,668281168,13103684,28580260,387697964,192940311,211307073
2026-07-18T02:36:13-04:00,1806807,python,D,222588560,266598432,622300552,249818672,668281168,13132563,26705828,387697964,193156354,211307073
2026-07-18T02:36:18-04:00,1806807,python,D,224400544,265773496,622300552,249818672,668281168,13160708,24890684,387681580,193362548,211307073
2026-07-18T02:36:23-04:00,1806807,python,D,225952776,265101984,622300552,249818672,668281168,13184412,23293692,387681580,193530401,211307073
2026-07-18T02:36:28-04:00,1806807,python,D,227810572,264268068,622300552,249818672,668281168,13213488,21466348,387665196,193738958,211307073
2026-07-18T02:36:33-04:00,1806807,python,R,227592460,263440164,619999768,249818672,668281168,13241852,21124656,387665196,193945560,211307073
2026-07-18T02:36:38-04:00,1806807,python,D,231445744,262680896,622300552,249818672,668281168,13269199,17819560,387648812,194135726,211307073
2026-07-18T02:36:43-04:00,1806807,python,D,233155896,261908728,622300552,249818672,668281168,13296132,16115784,387648812,194328716,211307073
2026-07-18T02:36:48-04:00,1806807,python,D,234645424,261258936,622300552,249818672,668281168,13319593,14625292,387632428,194491123,211307073
2026-07-18T02:36:53-04:00,1806807,python,D,236442136,260474008,622300552,249818672,668281168,13347403,12818556,387632428,194687394,211307073
2026-07-18T02:36:58-04:00,1806807,python,D,238020184,259772504,622300552,249818672,668281168,13372337,11243816,387616044,194862795,211307073
2026-07-18T02:37:03-04:00,1806807,python,D,239841352,258940328,622300552,249818672,668281168,13400459,9426604,387616044,195070879,211307073
2026-07-18T02:37:08-04:00,1806807,python,D,241788408,258080912,622300552,249818672,668281168,13430208,7475408,387599660,195285829,211307073
2026-07-18T02:37:13-04:00,1806807,python,D,241218964,257307188,619999768,249818672,668281168,13456181,8013872,387599660,195479093,211307073
2026-07-18T02:37:18-04:00,1806807,python,D,243771944,256474232,622300552,249818672,668281168,13487184,5502560,387583276,195686548,211307073
2026-07-18T02:37:23-04:00,1806807,python,D,245619176,255634536,622300552,249818672,668281168,13516490,3651264,387583276,195896539,211307073
2026-07-18T02:37:28-04:00,1806807,python,D,247412948,254809376,622300552,249818672,668281168,13544989,1881728,387566892,196102652,211307073
2026-07-18T02:37:33-04:00,1806807,python,R,248338104,262287080,654511476,249818672,668281168,13547290,1134300,394441364,196119248,213047268
2026-07-18T02:37:38-04:00,1806807,python,R,247946048,272482344,654511476,249818672,668281168,13547290,1423180,400078760,196119250,214456607
2026-07-18T02:37:43-04:00,1806807,python,R,247780052,280889324,654511476,249818672,668281168,13547290,1488776,406332880,196119252,216020099
2026-07-18T02:37:48-04:00,1806807,python,D,247448464,289468912,656812260,249818672,668281168,13549371,1754440,410640684,196132795,217096893
2026-07-18T02:37:53-04:00,1806807,python,D,247938008,291099092,656812260,249818672,668281168,13570266,1290092,412441740,196276247,217548436
2026-07-18T02:37:58-04:00,1806807,python,D,246839620,290839584,656812260,249818672,668281168,13596907,2355452,412901228,196473441,217666132
2026-07-18T02:38:03-04:00,1806807,python,D,248044912,290531232,656812260,249818672,668281168,13622336,1164964,413313764,196664610,217769266
2026-07-18T02:38:08-04:00,1806807,python,R,247671152,291419284,656812260,249818672,668281168,13638722,1521700,414100756,196793083,217967038
2026-07-18T02:38:13-04:00,1806807,python,D,245910176,291195556,656812260,249818672,668281168,13646288,2718140,414100756,196849415,217967038
2026-07-18T02:38:18-04:00,1806807,python,D,247698104,290394824,656812260,249818672,668281168,13673198,1462080,414100756,197049486,217967038
2026-07-18T02:38:23-04:00,1806807,python,D,248042476,290664728,656812260,249818672,668281168,13690769,1181976,414903572,197180565,218167742
2026-07-18T02:38:28-04:00,1806807,python,D,246286560,290798788,656812260,249818672,668281168,13710993,2899848,415653140,197336692,218355134
2026-07-18T02:38:33-04:00,1806807,python,D,248045760,290022188,656812260,249818672,668281168,13739553,1174788,415763732,197556320,218382782
2026-07-18T02:38:38-04:00,1806807,python,D,248070804,290799836,656812260,249818672,668281168,13763726,1142700,417291540,197744916,218764734
2026-07-18T02:38:43-04:00,1806807,python,R,247243484,291869192,656812260,249818672,668281168,13770405,1885092,418553108,197793713,219080126
2026-07-18T02:38:48-04:00,1806807,python,D,246317804,291258936,656812260,249818672,668281168,13791093,2491520,418553108,197946626,219080126
2026-07-18T02:38:53-04:00,1806807,python,D,248061040,290454772,656812260,249818672,668281168,13819091,1134580,418612500,198161432,219094974
2026-07-18T02:38:58-04:00,1806807,python,R,247637300,291475376,656812260,249818672,668281168,13836131,2015936,420132116,198286925,219474878
2026-07-18T02:39:03-04:00,1806807,python,D,245685488,291315788,656812260,249818672,668281168,13841509,2807980,420132116,198327192,219474878
2026-07-18T02:39:08-04:00,1806807,python,D,247534616,290468116,656812260,249818672,668281168,13869628,1501788,420132116,198539080,219474878
2026-07-18T02:39:13-04:00,1806807,python,R,247190940,291305576,656812260,249818672,668281168,13892179,1880228,421579020,198702132,219839165
2026-07-18T02:39:19-04:00,1806807,python,R,246872524,294241700,668281040,249818672,668281168,13892182,2286920,422604424,198702137,220097436
2026-07-18T02:39:24-04:00,1806807,python,R,244835956,296579292,666015384,249818672,668281168,13903490,4316704,425237972,198782566,220759429
2026-07-18T02:39:29-04:00,1806807,python,D,243611128,295817624,666015384,249818672,668281168,13930484,5064312,425237972,198973265,220759429
2026-07-18T02:39:34-04:00,1806807,python,D,246273640,294943028,666015384,249818672,668281168,13960430,2816792,425221588,199192096,220759429
2026-07-18T02:39:39-04:00,1806807,python,D,246199896,294160696,666015384,249818672,668281168,13987339,2773532,425221588,199387512,220759429
2026-07-18T02:39:44-04:00,1806807,python,D,248016920,293345112,666015384,249818672,668281168,14015174,1143468,425205204,199591451,220759429
2026-07-18T02:39:49-04:00,1806807,python,R,247996712,293051580,666015384,249818672,668281168,14042510,1185680,425754224,199798743,220897708
2026-07-18T02:39:54-04:00,1806807,python,R,247919460,293495788,666015384,249818672,668281168,14042510,1223376,426178160,199798744,221004716
2026-07-18T02:39:59-04:00,1806807,python,R,247959652,295791044,668281040,249818672,668281168,14042510,1144684,428472512,199798752,221581336
2026-07-18T02:40:04-04:00,1806807,python,R,245528948,298186204,666015384,249818672,668281168,14046179,3599108,429231520,199819058,221774225
2026-07-18T02:40:09-04:00,1806807,python,R,243622216,297792152,666015384,249818672,668281168,14062487,4667092,429231520,199910309,221774225
2026-07-18T02:40:14-04:00,1806807,python,R,245622332,297642548,666015384,249818672,668281168,14068911,3388348,429231520,199946245,221774225
2026-07-18T02:40:19-04:00,1806807,python,R,244259852,300500564,668281040,249818672,668281168,14068911,4788768,429694504,199946245,221889971
2026-07-18T02:40:24-04:00,1806807,python,R,242961992,300790236,666015384,249818672,668281168,14071410,5380028,429871508,199959261,221934222
2026-07-18T02:40:29-04:00,1806807,python,R,245450032,300564948,666015384,249818672,668281168,14080917,3673084,429871508,200014331,221934222
2026-07-18T02:40:34-04:00,1806807,python,R,247125564,302882440,668281040,249818672,668281168,14080917,1958604,429903384,200014332,221942195
2026-07-18T02:40:39-04:00,1806807,python,R,245338836,302946232,666015384,249818672,668281168,14087191,3734816,429904100,200044923,221942374
2026-07-18T02:40:44-04:00,1806807,python,R,244623868,302934160,666015384,249818672,668281168,14087756,4376660,429904100,200047885,221942374
2026-07-18T02:40:49-04:00,1806807,python,R,244987920,302934152,665621952,249818672,668281168,14087758,4090596,429904100,200047888,221942374
2026-07-18T02:40:54-04:00,1806807,python,D,164233956,302494324,622300552,249818672,668281168,14118220,84521300,429904100,200158185,221942374
2026-07-18T02:40:59-04:00,1806807,python,D,166057924,301730956,619999768,249818672,668281168,14144890,83154896,429904100,200349044,221942374
2026-07-18T02:41:04-04:00,1806807,python,R,166948624,300840268,619999768,249818672,668281168,14172729,82264396,429904100,200571704,221942374
2026-07-18T02:41:09-04:00,1806807,python,D,167748080,300040780,619999768,249818672,668281168,14197707,81443548,429904100,200771552,221942374
2026-07-18T02:41:14-04:00,1806807,python,D,169603404,299297552,622300552,249818672,668281168,14228475,79574204,429904100,200957405,221942374
2026-07-18T02:41:19-04:00,1806807,python,D,171566108,298524768,619999768,249818672,668281168,14254324,77606164,429904100,201150631,221942374
2026-07-18T02:41:24-04:00,1806807,python,D,172444636,297646240,619999768,249818672,668281168,14281771,76732988,429904100,201370222,221942374
2026-07-18T02:41:29-04:00,1806807,python,D,173572024,296813596,622300552,249818672,668281168,14308354,75591668,429904100,201578422,221942374
2026-07-18T02:41:34-04:00,1806807,python,D,176362508,296028208,619999768,249818672,668281168,14337088,72794896,429904100,201774762,221942374
2026-07-18T02:41:39-04:00,1806807,python,D,177251500,295139248,619999768,249818672,668281168,14364875,71901544,429904100,201997018,221942374
2026-07-18T02:41:44-04:00,1806807,python,D,178214188,294176560,619999768,249818672,668281168,14394970,70940440,429904100,202237706,221942374
2026-07-18T02:41:49-04:00,1806807,python,D,181248432,293442156,619999768,249818672,668281168,14421383,67761492,429904100,202421307,221942374
2026-07-18T02:41:54-04:00,1806807,python,D,182141616,292548972,619999768,249818672,668281168,14449303,66870388,429904100,202644605,221942374
2026-07-18T02:41:59-04:00,1806807,python,D,182916612,291774008,619999768,249818672,668281168,14473525,66108396,429904100,202838330,221942374
2026-07-18T02:42:04-04:00,1806807,python,R,185629496,291094852,622300552,249818672,668281168,14502060,63506116,429904100,203007951,221942374
2026-07-18T02:42:09-04:00,1806807,python,R,186672312,290320324,619999768,249818672,668281168,14526383,62458616,429904100,203201752,221942374
2026-07-18T02:42:14-04:00,1806807,python,D,187545496,289447076,619999768,249818672,668281168,14553672,61593296,429904100,203420008,221942374
2026-07-18T02:42:19-04:00,1806807,python,D,188005928,288640876,619999768,249818672,668281168,14581697,61119756,429904100,203621504,221942374
2026-07-18T02:42:24-04:00,1806807,python,R,191351240,287941236,619999768,249818672,668281168,14607983,57773832,429904100,203796501,221942374
2026-07-18T02:42:29-04:00,1806807,python,D,192233224,287059124,619999768,249818672,668281168,14635545,56883520,429904100,204016999,221942374
2026-07-18T02:42:34-04:00,1806807,python,D,193166888,286125620,619999768,249818672,668281168,14664717,55949896,429904100,204250368,221942374
2026-07-18T02:42:39-04:00,1806807,python,D,196158540,285435856,619999768,249818672,668281168,14690167,52178596,429904100,204422825,221942374
2026-07-18T02:42:45-04:00,1806807,python,D,197059492,284534968,619999768,249818672,668281168,14718330,51279964,429904100,204648083,221942374
2026-07-18T02:42:50-04:00,1806807,python,D,197918052,283676408,619999768,249818672,668281168,14745163,50417924,429904100,204862676,221942374
2026-07-18T02:42:55-04:00,1806807,python,D,200918048,282976316,619999768,249818672,668281168,14771511,47411348,429904100,205037668,221942374
2026-07-18T02:43:00-04:00,1806807,python,D,201751120,282143276,619999768,249818672,668281168,14797555,46585068,429904100,205245936,221942374
2026-07-18T02:43:05-04:00,1806807,python,D,202581512,281312916,619999768,249818672,668281168,14823510,45750708,429904100,205453538,221942374
2026-07-18T02:43:10-04:00,1806807,python,D,205554448,280641868,619999768,249818672,668281168,14844885,42820984,429904100,205621332,221942374
2026-07-18T02:43:15-04:00,1806807,python,D,206404944,279791436,619999768,249818672,668281168,14871470,41978044,429904100,205833934,221942374
2026-07-18T02:43:20-04:00,1806807,python,D,207275324,278920928,619999768,249818672,668281168,14898681,41096848,429904100,206051567,221942374
2026-07-18T02:43:25-04:00,1806807,python,D,210291176,278205076,619999768,249818672,668281168,14921651,38083808,429904100,206230516,221942374
2026-07-18T02:43:30-04:00,1806807,python,D,211144200,277352052,619999768,249818672,668281168,14948317,37214928,429904100,206443771,221942374
2026-07-18T02:43:35-04:00,1806807,python,D,212054024,276442196,619999768,249818672,668281168,14976753,36303184,429904100,206671213,221942374
2026-07-18T02:43:40-04:00,1806807,python,D,215067860,275728296,619999768,249818672,668281168,14999846,33292704,429904100,206849612,221942374
2026-07-18T02:43:45-04:00,1806807,python,D,215940212,274855912,619999768,249818672,668281168,15027111,32463480,429904100,207067790,221942374
2026-07-18T02:43:50-04:00,1806807,python,R,216807668,273988488,619999768,249818672,668281168,15054219,31600144,429904100,207284606,221942374
2026-07-18T02:43:55-04:00,1806807,python,D,219832732,273265312,619999768,249818672,668281168,15077131,28572884,429904100,207465371,221942374
2026-07-18T02:44:00-04:00,1806807,python,D,220755036,272342976,619999768,249818672,668281168,15105959,27651576,429904100,207695990,221942374
2026-07-18T02:44:05-04:00,1806807,python,D,223801012,271597000,619999768,249818672,668281168,15130136,24606040,429904100,207882477,221942374
2026-07-18T02:44:10-04:00,1806807,python,D,224725128,270672788,619999768,249818672,668281168,15159033,23680516,429904100,208113567,221942374
2026-07-18T02:44:15-04:00,1806807,python,R,225645224,269752724,619999768,249818672,668281168,15187787,22759052,429904100,208343559,221942374
2026-07-18T02:44:20-04:00,1806807,python,D,228661152,269038780,619999768,249818672,668281168,15210954,19727028,429904100,208522008,221942374
2026-07-18T02:44:25-04:00,1806807,python,D,229580124,268119840,619999768,249818672,668281168,15239679,18814068,429904100,208751724,221942374
2026-07-18T02:44:30-04:00,1806807,python,D,230542456,267157412,619999768,249818672,668281168,15269767,17854720,429904100,208992389,221942374
2026-07-18T02:44:35-04:00,1806807,python,D,233604028,266395872,619999768,249818672,668281168,15293950,14857104,429904100,209182673,221942374
2026-07-18T02:44:40-04:00,1806807,python,D,234509276,265490528,619999768,249818672,668281168,15322246,13999156,429904100,209409091,221942374
2026-07-18T02:44:45-04:00,1806807,python,R,234094972,264659984,619999768,249818672,668281168,15349039,14396872,429904100,209616241,221942374
2026-07-18T02:44:50-04:00,1806807,python,D,238345000,263954772,619999768,249818672,668281168,15373972,10166808,429904100,209791970,221942374
2026-07-18T02:44:55-04:00,1806807,python,D,239219880,263079892,619999768,249818672,668281168,15401314,9296160,429904100,210010755,221942374
2026-07-18T02:45:00-04:00,1806807,python,R,247198100,262282640,654511476,249818672,668281168,15426205,1186276,429904100,210209662,221942374
2026-07-18T02:45:05-04:00,1806807,python,R,247520116,269505424,654511476,249818672,668281168,15426205,1490168,432236920,210209663,222526180
2026-07-18T02:45:10-04:00,1806807,python,R,247476256,279246236,654511476,249818672,668281168,15426205,1418860,440992152,210209663,224714370
2026-07-18T02:45:15-04:00,1806807,python,R,247466140,286094688,654511476,249818672,668281168,15426205,1381408,447127204,210209666,226249074
2026-07-18T02:45:20-04:00,1806807,python,R,247639068,290242404,656812260,249818672,668281168,15432351,1269404,447504164,210238862,226345282
2026-07-18T02:45:25-04:00,1806807,python,R,246231744,291835768,656812260,249818672,668281168,15434730,2461048,447504164,210249601,226345282
2026-07-18T02:45:30-04:00,1806807,python,R,247210260,291811620,656812260,249818672,668281168,15436031,1458712,447504164,210255086,226345282
2026-07-18T02:45:35-04:00,1806807,python,R,247313852,291797852,656812260,249818672,668281168,15436889,1385164,447504164,210258389,226345282
2026-07-18T02:45:40-04:00,1806807,python,R,246879436,291743084,656812260,249818672,668281168,15439843,1806516,447504164,210274464,226345282
2026-07-18T02:45:45-04:00,1806807,python,R,242994808,296534380,668281040,249818672,668281168,15439843,5489436,447507112,210274464,226346019
2026-07-18T02:45:50-04:00,1806807,python,D,243378784,296495804,666015384,249818672,668281168,15459102,5178888,447522228,210381535,226349789
2026-07-18T02:45:55-04:00,1806807,python,D,244092272,295980960,666015384,249818672,668281168,15483665,4458336,447522228,210505149,226349789
2026-07-18T02:46:00-04:00,1806807,python,R,245547572,295514996,666015384,249818672,668281168,15505842,2963224,447522228,210613949,226349789
2026-07-18T02:46:05-04:00,1806807,python,D,245625104,295007268,666015384,249818672,668281168,15527861,2960424,447522228,210736796,226349789
2026-07-18T02:46:11-04:00,1806807,python,D,246292600,294415524,666015384,249818672,668281168,15553363,2309612,447522228,210880195,226349789
2026-07-18T02:46:16-04:00,1806807,python,D,246396940,293924116,666015384,249818672,668281168,15574716,2197088,447522228,210999956,226349789
2026-07-18T02:46:21-04:00,1806807,python,D,246989492,293714480,666015384,249818672,668281168,15602077,1643144,447553672,211147190,226357657
2026-07-18T02:46:26-04:00,1806807,python,R,247183884,296017960,668281040,249818672,668281168,15610031,1599872,447679344,211191458,226393039
2026-07-18T02:46:31-04:00,1806807,python,D,243066308,298948164,666015384,249818672,668281168,15617664,5720676,447706788,211244444,226399978
2026-07-18T02:46:36-04:00,1806807,python,D,245323384,298323320,666015384,249818672,668281168,15644731,3463296,447706788,211396432,226399978
2026-07-18T02:46:41-04:00,1806807,python,D,245933508,297653880,666015384,249818672,668281168,15674737,2843828,447706788,211559769,226399978
2026-07-18T02:46:46-04:00,1806807,python,D,245521716,297068280,666015384,249818672,668281168,15700742,3264952,447706788,211701916,226399978
2026-07-18T02:46:51-04:00,1806807,python,D,244964540,296701700,666015384,249818672,668281168,15717135,3249068,447706788,211792161,226399978
2026-07-18T02:46:56-04:00,1806807,python,R,245888412,296095308,666015384,249818672,668281168,15744287,2911776,447706788,211939424,226399978
2026-07-18T02:47:01-04:00,1806807,python,R,247575372,296138772,666015384,249818672,668281168,15764313,1316728,447723172,212046798,226404091
2026-07-18T02:47:06-04:00,1806807,python,D,245491412,296172876,666015384,249818672,668281168,15791527,3385428,447739556,212190623,226408209
2026-07-18T02:47:11-04:00,1806807,python,R,247689400,296327540,668281040,249818672,668281168,15811299,1225356,447747948,212295459,226410320
2026-07-18T02:47:16-04:00,1806807,python,R,245075232,300938816,666015384,249818672,668281168,15811612,4037032,447764260,212296781,226414594
2026-07-18T02:47:21-04:00,1806807,python,D,245510804,300347624,666015384,249818672,668281168,15839449,3372224,447764260,212437808,226414594
2026-07-18T02:47:26-04:00,1806807,python,D,245170380,299901692,666015384,249818672,668281168,15859782,3721476,447764260,212545684,226414594
2026-07-18T02:47:31-04:00,1806807,python,R,246354704,299659344,666015384,249818672,668281168,15871157,1820516,447764260,212604100,226414594
2026-07-18T02:47:36-04:00,1806807,python,R,247621884,301989036,668281040,249818672,668281168,15871157,1326536,447799692,212604117,226424546
2026-07-18T02:47:41-04:00,1806807,python,D,243875020,303212920,666015384,249818672,668281168,15883280,5022952,449291776,212673616,226796630
2026-07-18T02:47:46-04:00,1806807,python,D,244130680,302746348,666015384,249818672,668281168,15903787,4747704,449291776,212786558,226796630
2026-07-18T02:47:51-04:00,1806807,python,R,245884004,302430564,666015384,249818672,668281168,15917819,3003100,449291776,212862991,226796630
2026-07-18T02:47:56-04:00,1806807,python,R,245490640,302430548,665621952,249818672,668281168,15917823,3385344,449291776,212863015,226796630
2026-07-18T02:48:01-04:00,1806807,python,D,163037588,300630516,619999768,249818672,668281168,15936034,85159620,447766336,212930748,226796630
2026-07-18T02:48:06-04:00,1806807,python,D,164912756,299881728,619999768,249818672,668281168,15973958,83694088,447766336,213111914,226796630
2026-07-18T02:48:11-04:00,1806807,python,D,167281972,299162860,622300552,249818672,668281168,16010023,81822552,447766336,213286345,226796630
2026-07-18T02:48:16-04:00,1806807,python,D,169316320,298471884,619999768,249818672,668281168,16037814,79808692,447766336,213453151,226796630
2026-07-18T02:48:21-04:00,1806807,python,D,168946556,297856756,619999768,249818672,668281168,16063981,80198968,447766336,213599248,226796630
2026-07-18T02:48:26-04:00,1806807,python,R,171243284,297073360,619999768,249818672,668281168,16096567,77729204,447766336,213784423,226796630
2026-07-18T02:48:31-04:00,1806807,python,R,175789152,296600964,619999768,249818672,668281168,16116051,73421164,447766336,213894654,226796630
2026-07-18T02:48:36-04:00,1806807,python,D,177020804,296057612,619999768,249818672,668281168,16139682,72087060,447766336,214023013,226796630
2026-07-18T02:48:41-04:00,1806807,python,D,181448056,295398348,622300552,249818672,668281168,16168430,67810892,447766336,214178206,226796630
2026-07-18T02:48:46-04:00,1806807,python,D,181840612,294844288,619999768,249818672,668281168,16192555,67455500,447766336,214311072,226796630
2026-07-18T02:48:51-04:00,1806807,python,R,185048772,294243104,619999768,249818672,668281168,16218132,63914180,447766336,214454625,226796630
2026-07-18T02:48:56-04:00,1806807,python,R,187808216,293785612,619999768,249818672,668281168,16237463,61157100,447766336,214562628,226796630
2026-07-18T02:49:01-04:00,1806807,python,D,191020300,293272708,622300552,249818672,668281168,16259274,58006008,447766336,214683927,226796630
2026-07-18T02:49:06-04:00,1806807,python,R,194587380,292724288,622300552,249818672,668281168,16282416,54555644,447766336,214817197,226796630
2026-07-18T02:49:11-04:00,1806807,python,D,196110756,292163872,619999768,249818672,668281168,16306472,53225016,447766336,214953486,226796630
2026-07-18T02:49:16-04:00,1806807,python,R,199210292,291585200,619999768,249818672,668281168,16330967,50150160,447766336,215094381,226796630
2026-07-18T02:49:21-04:00,1806807,python,D,202532316,291089220,622300552,249818672,668281168,16352778,46852212,447766336,215214812,226796630
2026-07-18T02:49:26-04:00,1806807,python,R,206773176,290637184,622300552,249818672,668281168,16373167,42595368,447766336,215322242,226796630
2026-07-18T02:49:32-04:00,1806807,python,R,209692076,290112568,619999768,249818672,668281168,16395269,39278268,447766336,215449347,226796630
2026-07-18T02:49:37-04:00,1806807,python,D,212561628,289559120,622300552,249818672,668281168,16419029,36485520,447766336,215584270,226796630
2026-07-18T02:49:42-04:00,1806807,python,D,248183184,290566048,656812260,249818672,668281168,16425134,1255400,447766336,215622384,226796665
2026-07-18T02:49:47-04:00,1806807,python,D,246941548,290435428,656812260,249818672,668281168,16448578,2448100,447766336,215797280,226796681
2026-07-18T02:49:52-04:00,1806807,python,D,248388280,290021604,656812260,249818672,668281168,16475683,1025636,447766336,215998384,226796689
2026-07-18T02:49:57-04:00,1806807,python,D,248345628,290746540,656812260,249818672,668281168,16495467,1033804,447766336,216151421,226796714
2026-07-18T02:50:02-04:00,1806807,python,D,246075352,290939268,656812260,249818672,668281168,16498390,3285908,447766336,216171583,226796717
2026-07-18T02:50:07-04:00,1806807,python,D,248014564,290148948,656812260,249818672,668281168,16525089,1314560,447766336,216369043,226796717
2026-07-18T02:50:12-04:00,1806807,python,D,248203924,290756176,656812260,249818672,668281168,16546692,1169040,447766872,216531907,226796862
2026-07-18T02:50:17-04:00,1806807,python,D,247473312,290210992,656812260,249818672,668281168,16573118,1859336,447766920,216731931,226796874
2026-07-18T02:50:22-04:00,1806807,python,R,248297220,290221048,656812260,249818672,668281168,16596977,1044984,447770740,216916635,226797877
2026-07-18T02:50:27-04:00,1806807,python,R,247212408,291186776,656812260,249818672,668281168,16612422,2012392,447770740,217031000,226797877
2026-07-18T02:50:32-04:00,1806807,python,D,246249540,290914460,656812260,249818672,668281168,16621605,2944784,447770016,217099494,226797877
2026-07-18T02:50:37-04:00,1806807,python,D,248178200,290061112,656812260,249818672,668281168,16649938,1061616,447770016,217312639,226797877
2026-07-18T02:50:42-04:00,1806807,python,R,247610164,290885276,656812260,249818672,668281168,16671188,1686224,447770348,217470158,226797960
2026-07-18T02:50:47-04:00,1806807,python,D,245866140,291003028,656812260,249818672,668281168,16674193,3007128,447770348,217488508,226797960
2026-07-18T02:50:52-04:00,1806807,python,D,247731296,290147600,656812260,249818672,668281168,16701630,1520032,447770348,217702281,226797960
2026-07-18T02:50:57-04:00,1806807,python,R,246592060,290809332,656812260,249818672,668281168,16724909,2829848,447813080,217877710,226808238
2026-07-18T02:51:02-04:00,1806807,python,R,247988200,293116628,668281040,249818672,668281168,16724926,1259044,447814052,217877781,226808515
2026-07-18T02:51:07-04:00,1806807,python,D,242930800,296390784,666015384,249818672,668281168,16728093,6083088,447825196,217891926,226811319
2026-07-18T02:51:12-04:00,1806807,python,D,245284628,295611752,666015384,249818672,668281168,16754543,3746316,447825196,218086163,226811319
2026-07-18T02:51:17-04:00,1806807,python,D,244962116,294791416,666015384,249818672,668281168,16781878,3742940,447825196,218291175,226811319
2026-07-18T02:51:22-04:00,1806807,python,D,246654808,294282460,666015384,249818672,668281168,16804522,2308108,447825196,218416444,226811319
2026-07-18T02:51:27-04:00,1806807,python,D,246471844,293517336,666015384,249818672,668281168,16830843,2487096,447825196,218607383,226811319
2026-07-18T02:51:32-04:00,1806807,python,D,248079624,292790308,666015384,249818672,668281168,16856600,1173520,447825196,218806367,226811319
2026-07-18T02:51:37-04:00,1806807,python,R,247822536,293591860,666015384,249818672,668281168,16874820,1411064,447825288,218942844,226811330
2026-07-18T02:51:42-04:00,1806807,python,D,246508856,293001032,666015384,249818672,668281168,16895472,2717720,447825288,219090401,226811330
2026-07-18T02:51:47-04:00,1806807,python,D,248294636,292205388,666015384,249818672,668281168,16923601,951316,447825288,219303581,226811330
2026-07-18T02:51:52-04:00,1806807,python,D,248256516,292923176,666015384,249818672,668281168,16944015,962444,447826580,219458096,226811646
2026-07-18T02:51:57-04:00,1806807,python,D,246531112,293007348,666015384,249818672,668281168,16963328,2643812,447827104,219603962,226811646
2026-07-18T02:52:02-04:00,1806807,python,D,248210676,292229000,666015384,249818672,668281168,16988993,954668,447827104,219798610,226811646
2026-07-18T02:52:07-04:00,1806807,python,D,247706644,293380028,666015384,249818672,668281168,17011378,1409636,448647420,219975084,227016741
2026-07-18T02:52:12-04:00,1806807,python,R,246116136,293209244,666015384,249818672,668281168,17028238,3035376,448708992,220109991,227032134
2026-07-18T02:52:17-04:00,1806807,python,D,247844396,292345208,666015384,249818672,668281168,17055249,1290824,448708992,220325944,227032134
2026-07-18T02:52:22-04:00,1806807,python,D,248250056,292753704,666015384,249818672,668281168,17080682,932376,448708992,220529229,227032134
2026-07-18T02:52:27-04:00,1806807,python,D,246477996,292921080,666015384,249818672,668281168,17102423,2658632,448708992,220702570,227032134
2026-07-18T02:52:32-04:00,1806807,python,D,248199264,292114200,666015384,249818672,668281168,17130673,1010584,448708992,220928141,227032134
2026-07-18T02:52:37-04:00,1806807,python,D,248216828,292845028,666015384,249818672,668281168,17154164,960108,448709156,221115904,227032175
2026-07-18T02:52:42-04:00,1806807,python,R,246590760,295628284,666015384,249818672,668281168,17162856,2474164,448710344,221185242,227035037
2026-07-18T02:52:47-04:00,1806807,python,R,245009580,298401688,666015384,249818672,668281168,17171105,4066024,450596868,221236342,227506674
2026-07-18T02:52:53-04:00,1806807,python,D,245378492,297772468,666015384,249818672,668281168,17200506,3713556,450596868,221391995,227506674
2026-07-18T02:52:58-04:00,1806807,python,D,245858272,297089996,666015384,249818672,668281168,17231746,3231136,450596868,221561171,227506674
2026-07-18T02:53:03-04:00,1806807,python,D,244899848,296485828,666015384,249818672,668281168,17258985,3503844,450596868,221710363,227506674
2026-07-18T02:53:08-04:00,1806807,python,D,247645716,295734516,666015384,249818672,668281168,17292060,1440112,450596868,221897120,227506674
2026-07-18T02:53:13-04:00,1806807,python,D,246574512,295392792,666015384,249818672,668281168,17307165,2513948,450596868,221980951,227506674
2026-07-18T02:53:18-04:00,1806807,python,R,245996044,295492000,666015384,249818672,668281168,17333082,3186036,451012784,222120611,227610653
2026-07-18T02:53:23-04:00,1806807,python,R,248155012,295318824,666015384,249818672,668281168,17362828,1051752,451012784,222287973,227610653
2026-07-18T02:53:28-04:00,1806807,python,D,247854252,295030500,666015384,249818672,668281168,17383704,1309500,451012784,222405187,227610653
2026-07-18T02:53:33-04:00,1806807,python,D,247782168,295358576,666015384,249818672,668281168,17409087,1398892,451367088,222543004,227699229
2026-07-18T02:53:38-04:00,1806807,python,R,248055452,299247296,668281040,249818672,668281168,17415705,1126308,454977552,222581174,228602594
2026-07-18T02:53:43-04:00,1806807,python,D,245707876,299920948,666015384,249818672,668281168,17431495,3431360,455614460,222665331,228761312
2026-07-18T02:53:48-04:00,1806807,python,D,245618016,299441552,666015384,249818672,668281168,17452336,3092000,455614460,222784896,228761312
2026-07-18T02:53:53-04:00,1806807,python,R,246674776,299263232,666015384,249818672,668281168,17460722,2161704,455614260,222829018,228761312
2026-07-18T02:53:58-04:00,1806807,python,R,244648432,302239068,668281040,249818672,668281168,17460722,4432304,457914140,222829044,229336428
2026-07-18T02:54:03-04:00,1806807,python,D,244615732,302350824,666015384,249818672,668281168,17473506,4528392,458213084,222905691,229411213
2026-07-18T02:54:08-04:00,1806807,python,D,245224132,301898232,666015384,249818672,668281168,17493324,3900224,458213084,223018716,229411213
2026-07-18T02:54:13-04:00,1806807,python,R,244804108,301660932,666015384,249818672,668281168,17503804,4014400,458213084,223077501,229411213
2026-07-18T02:54:18-04:00,1806807,python,R,244320584,301660920,665621952,249818672,668281168,17503807,4135512,458213084,223077509,229411213
2026-07-18T02:54:23-04:00,1806807,python,D,171903784,291817316,619999768,249818672,668281168,17526424,77051976,448711092,223163645,229411213
2026-07-18T02:54:28-04:00,1806807,python,D,173765084,291070216,619999768,249818672,668281168,17564849,75430040,448711092,223349896,229411213
2026-07-18T02:54:33-04:00,1806807,python,D,176129576,290360236,622300552,249818672,668281168,17600552,73070088,448711092,223527372,229411213
2026-07-18T02:54:38-04:00,1806807,python,D,178022768,289689436,619999768,249818672,668281168,17628554,71177652,448711092,223694533,229411213
2026-07-18T02:54:43-04:00,1806807,python,D,178678604,289033576,619999768,249818672,668281168,17657719,70526488,448711092,223855182,229411213
2026-07-18T02:54:48-04:00,1806807,python,D,179354232,288311044,619999768,249818672,668281168,17690154,69871072,448711092,224034196,229411213
2026-07-18T02:54:53-04:00,1806807,python,D,182372792,287641368,619999768,249818672,668281168,17719340,66863140,448711092,224201442,229411213
2026-07-18T02:54:58-04:00,1806807,python,D,184840244,286922892,622300552,249818672,668281168,17752389,64401012,448711092,224378729,229411213
2026-07-18T02:55:03-04:00,1806807,python,D,186413556,286328480,622300552,249818672,668281168,17780722,62842232,448711092,224524973,229411213
2026-07-18T02:55:08-04:00,1806807,python,D,188927308,285686608,619999768,249818672,668281168,17810645,60344416,448711092,224683324,229411213
2026-07-18T02:55:13-04:00,1806807,python,D,189499600,285055148,619999768,249818672,668281168,17838662,59763384,448711092,224840123,229411213
2026-07-18T02:55:18-04:00,1806807,python,D,192415796,284500088,619999768,249818672,668281168,17864717,56848300,448711092,224977265,229411213
2026-07-18T02:55:23-04:00,1806807,python,D,195174512,284041248,619999768,249818672,668281168,17887510,54108924,448711092,225088865,229411213
2026-07-18T02:55:28-04:00,1806807,python,D,198006604,283511172,619999768,249818672,668281168,17914140,51281828,448711092,225217423,229411213
2026-07-18T02:55:33-04:00,1806807,python,D,200797148,283020388,619999768,249818672,668281168,17937668,48494820,448711092,225334890,229411213
2026-07-18T02:55:38-04:00,1806807,python,D,203572652,282546984,619999768,249818672,668281168,17960610,45738548,448711092,225448671,229411213
2026-07-18T02:55:43-04:00,1806807,python,D,206398704,282020764,619999768,249818672,668281168,17986068,42941816,448711092,225575061,229411213
2026-07-18T02:55:48-04:00,1806807,python,D,209168120,281551332,619999768,249818672,668281168,18009574,40167364,448711092,225689285,229411213
2026-07-18T02:55:53-04:00,1806807,python,D,211995692,281025624,619999768,249818672,668281168,18035313,37346592,448711092,225816273,229411213
2026-07-18T02:55:58-04:00,1806807,python,R,213114920,280468040,619999768,249818672,668281168,18062472,36145572,448711092,225951314,229411213
2026-07-18T02:56:03-04:00,1806807,python,R,219414312,279999304,619999768,249818672,668281168,18086017,29811996,448711092,226065379,229411213
2026-07-18T02:56:09-04:00,1806807,python,R,222709024,279514160,619999768,249818672,668281168,18110629,26074984,448711092,226182484,229411213
2026-07-18T02:56:14-04:00,1806807,python,R,248355508,279691460,654511476,249818672,668281168,18127906,1073712,448711104,226269637,229411288
2026-07-18T02:56:19-04:00,1806807,python,R,248115360,288798868,656812260,249818672,668281168,18128260,1294976,448711152,226270628,229412145
2026-07-18T02:56:24-04:00,1806807,python,D,246332156,290635060,656812260,249818672,668281168,18147141,3031372,448711208,226410776,229412159
2026-07-18T02:56:29-04:00,1806807,python,D,248034732,289929872,656812260,249818672,668281168,18174388,1356548,448711208,226620076,229412159
2026-07-18T02:56:34-04:00,1806807,python,D,248040536,290744532,656812260,249818672,668281168,18197631,1369892,448711208,226796975,229412159
2026-07-18T02:56:39-04:00,1806807,python,R,247703652,291332024,656812260,249818672,668281168,18205151,1674304,448711208,226855096,229412159
2026-07-18T02:56:44-04:00,1806807,python,D,246931888,290739980,656812260,249818672,668281168,18224964,2314420,448711208,227003234,229412159
2026-07-18T02:56:49-04:00,1806807,python,D,248296316,290352164,656812260,249818672,668281168,18249551,1108344,448738260,227191760,229418922
2026-07-18T02:56:54-04:00,1806807,python,D,246708360,290457588,656812260,249818672,668281168,18271706,2653988,448738292,227363488,229418930
2026-07-18T02:56:59-04:00,1806807,python,R,248391628,289784176,656812260,249818672,668281168,18299282,987008,448738292,227576022,229418930
2026-07-18T02:57:04-04:00,1806807,python,D,248331824,290673096,656812260,249818672,668281168,18321524,996612,448738340,227747705,229418942
2026-07-18T02:57:09-04:00,1806807,python,R,246849500,290988384,656812260,249818672,668281168,18322366,2313820,448738340,227753984,229418942
2026-07-18T02:57:14-04:00,1806807,python,D,247766648,290157124,656812260,249818672,668281168,18350616,1501512,448738340,227962124,229418942
2026-07-18T02:57:19-04:00,1806807,python,D,248256376,290645196,656812260,249818672,668281168,18372605,1002864,448738356,228123599,229418942
2026-07-18T02:57:24-04:00,1806807,python,R,247851840,291183744,656812260,249818672,668281168,18376257,1363332,448740708,228148823,229419472
2026-07-18T02:57:29-04:00,1806807,python,D,247099340,290484356,656812260,249818672,668281168,18398923,2095956,448740708,228324015,229419472
2026-07-18T02:57:34-04:00,1806807,python,D,248144056,290532972,656812260,249818672,668281168,18424374,1078796,448740808,228515684,229419496
2026-07-18T02:57:39-04:00,1806807,python,R,247233820,291210272,656812260,249818672,668281168,18434868,1870652,448740808,228593580,229419496
2026-07-18T02:57:44-04:00,1806807,python,R,247716224,295314060,668281040,249818672,668281168,18434868,1356300,448743648,228593590,229420187
2026-07-18T02:57:49-04:00,1806807,python,D,243692800,296077108,666015384,249818672,668281168,18447022,5294268,448746172,228643458,229420783
2026-07-18T02:57:54-04:00,1806807,python,D,244404396,295320400,666015384,249818672,668281168,18473763,4595676,448746172,228828322,229420783
2026-07-18T02:57:59-04:00,1806807,python,D,246253576,294423520,666015384,249818672,668281168,18502528,2740940,448746172,229052557,229420783
2026-07-18T02:58:04-04:00,1806807,python,R,247635656,293702816,666015384,249818672,668281168,18529693,1362852,448746172,229229154,229420783
2026-07-18T02:58:09-04:00,1806807,python,D,246270852,293419236,666015384,249818672,668281168,18555041,2731568,448746296,229407885,229420783
2026-07-18T02:58:14-04:00,1806807,python,R,247777788,293496396,666015384,249818672,668281168,18577049,1272364,448750760,229512541,229421966
2026-07-18T02:58:19-04:00,1806807,python,D,247375028,292800244,666015384,249818672,668281168,18602312,1646464,448753676,229699826,229422782
2026-07-18T02:58:24-04:00,1806807,python,D,247827204,293188900,666015384,249818672,668281168,18624594,1122064,448760900,229867288,229424820
2026-07-18T02:58:29-04:00,1806807,python,R,245383564,293716568,666015384,249818672,668281168,18642045,3433044,449457872,229981607,229598985
2026-07-18T02:58:34-04:00,1806807,python,D,247882436,293376236,666015384,249818672,668281168,18679443,1041452,450312656,230279088,229813978
2026-07-18T02:58:39-04:00,1806807,python,D,247883644,292849276,666015384,249818672,668281168,18716438,1040000,450928496,230562306,229967716
2026-07-18T02:58:44-04:00,1806807,python,D,245704156,293473772,666015384,249818672,668281168,18739217,3201072,451421372,230743321,230089580
2026-07-18T02:58:49-04:00,1806807,python,D,247586188,292589180,666015384,249818672,668281168,18767659,1273848,451421372,230964339,230089580
2026-07-18T02:58:54-04:00,1806807,python,D,247680840,293326072,666015384,249818672,668281168,18791652,1241584,451421408,231152633,230089581
2026-07-18T02:58:59-04:00,1806807,python,D,246094768,293365588,666015384,249818672,668281168,18813543,2794836,451421408,231324195,230089581
2026-07-18T02:59:04-04:00,1806807,python,D,247803232,292546020,666015384,249818672,668281168,18839688,1076296,451421408,231528828,230089581
2026-07-18T02:59:09-04:00,1806807,python,R,247732176,293606196,666015384,249818672,668281168,18859542,1186176,451421408,231680751,230089581
2026-07-18T02:59:14-04:00,1806807,python,D,247375884,292979608,666015384,249818672,668281168,18879954,1519612,451421408,231837723,230089581
2026-07-18T02:59:19-04:00,1806807,python,D,247854316,293451416,666015384,249818672,668281168,18906031,1063980,451421408,232037722,230089582
2026-07-18T02:59:24-04:00,1806807,python,D,246573272,293124812,666015384,249818672,668281168,18926485,2331052,451421408,232195286,230089601
2026-07-18T02:59:29-04:00,1806807,python,D,247969420,292708260,666015384,249818672,668281168,18953498,975716,451421408,232404813,230089659
2026-07-18T02:59:35-04:00,1806807,python,R,247730084,293608288,666015384,249818672,668281168,18973816,1175960,451421408,232562799,230089731
2026-07-18T02:59:40-04:00,1806807,python,D,242833684,298546656,666015384,249818672,668281168,18974192,5834548,451421408,232565442,230092609
2026-07-18T02:59:45-04:00,1806807,python,R,244685116,297899528,666015384,249818672,668281168,19002315,4169728,451421408,232725468,230092609
2026-07-18T02:59:50-04:00,1806807,python,D,245540232,297218396,666015384,249818672,668281168,19034514,3318772,451421408,232893225,230092609
2026-07-18T02:59:55-04:00,1806807,python,D,245830952,296485336,666015384,249818672,668281168,19067123,3016832,451421408,233074271,230092609
2026-07-18T03:00:00-04:00,1806807,python,D,247184604,295813608,666015384,249818672,668281168,19096586,1642428,451421408,233240023,230092609
2026-07-18T03:00:05-04:00,1806807,python,D,246155412,295560848,666015384,249818672,668281168,19112284,2763240,451421408,233324223,230092609
2026-07-18T03:00:10-04:00,1806807,python,D,247918928,295685504,666015384,249818672,668281168,19141266,1022820,452098984,233477063,230262050
2026-07-18T03:00:15-04:00,1806807,python,D,247990016,295112740,666015384,249818672,668281168,19170103,957072,452176808,233637966,230281510
2026-07-18T03:00:20-04:00,1806807,python,D,246633204,295554128,666015384,249818672,668281168,19190859,2289364,453065676,233748437,230503803
2026-07-18T03:00:25-04:00,1806807,python,D,246057552,295670984,666015384,249818672,668281168,19217809,2874360,453723084,233896367,230668224
2026-07-18T03:00:30-04:00,1806807,python,R,247153160,295734720,666015384,249818672,668281168,19244858,1710752,453723100,234042284,230668266
2026-07-18T03:00:35-04:00,1806807,python,R,244847500,300490884,666015384,249818672,668281168,19244858,4019628,456430640,234042303,231345553
2026-07-18T03:00:40-04:00,1806807,python,R,243993820,299894580,666015384,249818672,668281168,19273069,4648044,456430640,234189268,231345553
2026-07-18T03:00:45-04:00,1806807,python,D,245874608,299348976,666015384,249818672,668281168,19297189,3014528,456430640,234324658,231345553
2026-07-18T03:00:50-04:00,1806807,python,R,246770972,299167188,666015384,249818672,668281168,19305977,2117156,456430640,234369284,231345553
2026-07-18T03:00:55-04:00,1806807,python,R,246295264,302548176,668281040,249818672,668281168,19305977,2550692,459305796,234369300,232064533
2026-07-18T03:01:00-04:00,1806807,python,D,245029160,302117796,666015384,249818672,668281168,19325565,3868144,459330372,234482283,232070677
2026-07-18T03:01:05-04:00,1806807,python,D,245403344,301671924,666015384,249818672,668281168,19345796,3502032,459330372,234591314,232070677
2026-07-18T03:01:10-04:00,1806807,python,R,246683156,301385572,666015384,249818672,668281168,19358716,2128960,459330372,234661524,232070677
2026-07-18T03:01:15-04:00,1806807,python,R,245146968,301385552,665621952,249818672,668281168,19358719,3183800,459330372,234661536,232070677
2026-07-18T03:01:20-04:00,1806807,python,D,172605192,293131676,592393216,249818672,668281168,19372505,74522336,451421532,234748517,232070677
2026-07-18T03:01:25-04:00,1806807,python,D,174292808,292287836,592393216,249818672,668281168,19398871,72969604,451421532,234959452,232070677
2026-07-18T03:01:30-04:00,1806807,python,D,176076040,291395420,592393216,249818672,668281168,19426764,71512512,451421532,235182638,232070677
2026-07-18T03:01:35-04:00,1806807,python,D,178738748,290658848,594694000,249818672,668281168,19458147,68999724,451421532,235365059,232070677
2026-07-18T03:01:40-04:00,1806807,python,D,181716228,289961652,594694000,249818672,668281168,19491034,66473776,451421532,235537025,232070677
2026-07-18T03:01:45-04:00,1806807,python,D,182552268,289285416,594694000,249818672,668281168,19524080,65670824,451421532,235703656,232070677
2026-07-18T03:01:50-04:00,1806807,python,D,182674304,288772260,594694000,249818672,668281168,19552832,65823224,451421532,235827635,232070677
2026-07-18T03:01:55-04:00,1806807,python,R,183545292,288284220,594694000,249818672,668281168,19580285,65336728,451421532,235944268,232070677
2026-07-18T03:02:00-04:00,1806807,python,R,184139096,287839964,594694000,249818672,668281168,19605755,64800172,451421532,236049988,232070677
2026-07-18T03:02:05-04:00,1806807,python,R,184954948,287367096,594694000,249818672,668281168,19632792,64003672,451421532,236163061,232070677
2026-07-18T03:02:10-04:00,1806807,python,R,183573552,286840780,594694000,249818672,668281168,19662669,64734016,451421532,236289120,232070677
2026-07-18T03:02:15-04:00,1806807,python,R,184198172,286320676,594694000,249818672,668281168,19693246,64477876,451421532,236415047,232070677
2026-07-18T03:02:20-04:00,1806807,python,D,180335128,285612208,585490876,249818672,668281168,19720598,68835044,451421532,236590377,232070677
2026-07-18T03:02:25-04:00,1806807,python,D,182161784,284699056,585490876,249818672,668281168,19749130,66999112,451421532,236818652,232070677
2026-07-18T03:02:30-04:00,1806807,python,D,183681560,283938960,585490876,249818672,668281168,19772884,65485324,451421532,237008714,232070677
2026-07-18T03:02:35-04:00,1806807,python,D,185332840,283084776,587398228,249818672,668281168,19800598,63814940,451421532,237225645,232070677
2026-07-18T03:02:40-04:00,1806807,python,D,187040620,282198228,587398228,249818672,668281168,19829485,62082224,451421532,237451210,232070677
2026-07-18T03:02:45-04:00,1806807,python,D,186829836,281317464,587398228,249818672,668281168,19858213,61762676,451421532,237675383,232070677
2026-07-18T03:02:50-04:00,1806807,python,D,188530744,280433672,587398228,249818672,668281168,19887015,60556156,451421532,237900243,232070677
2026-07-18T03:02:55-04:00,1806807,python,D,188106884,279663612,587398228,249818672,668281168,19912092,60232952,451421532,238096226,232070677
2026-07-18T03:03:01-04:00,1806807,python,D,189593348,278891752,587398228,249818672,668281168,19937230,59257808,451421532,238292535,232070677
2026-07-18T03:03:06-04:00,1806807,python,D,191074832,278123004,587398228,249818672,668281168,19962314,57971288,451421532,238488280,232070677
2026-07-18T03:03:11-04:00,1806807,python,D,190614116,277371452,587398228,249818672,668281168,19986828,57805432,451421532,238679460,232070677
2026-07-18T03:03:16-04:00,1806807,python,D,192117948,276590408,587398228,249818672,668281168,20012296,56846700,451421532,238878235,232070677
2026-07-18T03:03:21-04:00,1806807,python,D,193646712,275796972,587398228,249818672,668281168,20038162,55374456,451421532,239080145,232070677
2026-07-18T03:03:26-04:00,1806807,python,D,193312488,274980092,587398228,249818672,668281168,20064793,55445664,451421532,239288022,232070677
2026-07-18T03:03:31-04:00,1806807,python,R,194843924,274183980,587398228,249818672,668281168,20090745,54149084,451421532,239490559,232070677
2026-07-18T03:03:36-04:00,1806807,python,D,194593620,273324252,587398228,249818672,668281168,20118768,53718584,451421532,239709365,232070677
2026-07-18T03:03:41-04:00,1806807,python,D,196141648,272519636,587398228,249818672,668281168,20144977,52821028,451421532,239914107,232070677
2026-07-18T03:03:46-04:00,1806807,python,D,197683300,271719280,587398228,249818672,668281168,20171057,51262620,451421532,240117787,232070677
2026-07-18T03:03:51-04:00,1806807,python,D,197365680,270894192,587398228,249818672,668281168,20197969,51027228,451421532,240327779,232070677
2026-07-18T03:03:56-04:00,1806807,python,D,198988220,270051912,587398228,249818672,668281168,20225417,49693868,451421532,240542182,232070677
2026-07-18T03:04:01-04:00,1806807,python,D,198747884,269186420,587398228,249818672,668281168,20253623,49497560,451421532,240762367,232070677
2026-07-18T03:04:06-04:00,1806807,python,D,200432136,268311160,587398228,249818672,668281168,20282138,48335080,451421532,240985102,232070677
2026-07-18T03:04:11-04:00,1806807,python,D,202113348,267438908,587398228,249818672,668281168,20310585,46666040,451421532,241207082,232070677
2026-07-18T03:04:16-04:00,1806807,python,D,201866272,266575848,587398228,249818672,668281168,20338747,46898384,451421532,241426727,232070677
2026-07-18T03:04:21-04:00,1806807,python,D,203498200,265728424,587398228,249818672,668281168,20366358,45257208,451421532,241642360,232070677
2026-07-18T03:04:26-04:00,1806807,python,D,203273308,264855524,587398228,249818672,668281168,20394810,45190568,451421532,241864512,232070677
2026-07-18T03:04:31-04:00,1806807,python,D,205000196,263958016,587398228,249818672,668281168,20424064,43628064,451421532,242092938,232070677
2026-07-18T03:04:36-04:00,1806807,python,R,204793988,263074816,587398228,249818672,668281168,20452844,43245120,451421532,242317672,232070677
2026-07-18T03:04:41-04:00,1806807,python,D,206403620,262239292,587398228,249818672,668281168,20480078,42006036,451421532,242530216,232070677
2026-07-18T03:04:46-04:00,1806807,python,D,207941244,261440944,587398228,249818672,668281168,20506088,40713096,451421532,242733362,232070677
2026-07-18T03:04:51-04:00,1806807,python,D,207548352,260654176,587398228,249818672,668281168,20531741,40605060,451421532,242933553,232070677
2026-07-18T03:04:56-04:00,1806807,python,D,209174780,259810120,587398228,249818672,668281168,20559258,39040084,451421532,243148369,232070677
2026-07-18T03:05:01-04:00,1806807,python,R,208871296,258976992,587398228,249818672,668281168,20586414,39319684,451421532,243360319,232070677
2026-07-18T03:05:06-04:00,1806807,python,D,210493672,258134792,587398228,249818672,668281168,20613860,37781200,451421532,243574685,232070677
2026-07-18T03:05:11-04:00,1806807,python,D,212240264,257227876,587398228,249818672,668281168,20643422,36423064,451421532,243805422,232070677
2026-07-18T03:05:16-04:00,1806807,python,D,211962016,256381828,587398228,249818672,668281168,20671007,36232800,451421532,244020682,232070677
2026-07-18T03:05:21-04:00,1806807,python,D,213593588,255534616,587398228,249818672,668281168,20698635,34819276,451421532,244236322,232070677
2026-07-18T03:05:26-04:00,1806807,python,D,213285280,254704228,587398228,249818672,668281168,20725686,35159852,451421532,244447568,232070677
2026-07-18T03:05:31-04:00,1806807,python,D,215044488,253790980,587398228,249818672,668281168,20755463,33544496,451421532,244680065,232070677
2026-07-18T03:05:36-04:00,1806807,python,D,214886520,252881816,587398228,249818672,668281168,20785103,33025924,451421532,244911376,232070677
2026-07-18T03:05:41-04:00,1806807,python,D,216641164,251971012,587398228,249818672,668281168,20814791,31766428,451421532,245143186,232070677
2026-07-18T03:05:46-04:00,1806807,python,D,218397792,251058176,587398228,249818672,668281168,20844517,30125480,451421532,245375341,232070677
2026-07-18T03:05:51-04:00,1806807,python,D,218032084,250258448,587398228,249818672,668281168,20870581,29794516,451421532,245578896,232070677
2026-07-18T03:05:56-04:00,1806807,python,D,219584560,249451516,587398228,249818672,668281168,20896869,28318352,451421532,245784171,232070677
2026-07-18T03:06:01-04:00,1806807,python,D,219245924,248636968,587398228,249818672,668281168,20923425,28154500,451421532,245991455,232070677
2026-07-18T03:06:06-04:00,1806807,python,D,220868772,247794656,587398228,249818672,668281168,20950907,27266192,451421532,246205826,232070677
2026-07-18T03:06:11-04:00,1806807,python,D,222394916,247001448,587398228,249818672,668281168,20976758,25835224,451421532,246407619,232070677
2026-07-18T03:06:17-04:00,1806807,python,D,221937612,246248516,587398228,249818672,668281168,21001298,25992284,451421532,246599198,232070677
2026-07-18T03:06:22-04:00,1806807,python,D,223406240,245486496,587398228,249818672,668281168,21026132,25013528,451421532,246793110,232070677
2026-07-18T03:06:27-04:00,1806807,python,D,224932372,244693580,587398228,249818672,668281168,21051982,23506272,451421532,246994708,232070677
2026-07-18T03:06:32-04:00,1806807,python,D,224573172,243889392,587398228,249818672,668281168,21078189,23854776,451421532,247199515,232070677
2026-07-18T03:06:37-04:00,1806807,python,D,226106100,243093868,587398228,249818672,668281168,21104120,22307456,451421532,247402000,232070677
2026-07-18T03:06:42-04:00,1806807,python,D,227295836,242460884,587840896,249818672,668281168,21123679,21122944,451421532,247554201,232070677
2026-07-18T03:06:47-04:00,1806807,python,D,230659792,241692688,590141680,249818672,668281168,21144456,17872704,451421532,247717701,232070677
2026-07-18T03:06:52-04:00,1806807,python,D,229735396,238678580,587448856,249818672,668281168,21167684,18713944,449120748,247899081,232070677
2026-07-18T03:06:57-04:00,1806807,python,D,231385136,237821480,587448856,249818672,668281168,21195602,17129496,449120748,248117183,232070677
2026-07-18T03:07:02-04:00,1806807,python,D,231081052,236988796,587448856,249818672,668281168,21222751,16946480,449120748,248329178,232070677
2026-07-18T03:07:07-04:00,1806807,python,D,232873468,236058648,587448856,249818672,668281168,21253072,15610116,449120748,248565821,232070677
2026-07-18T03:07:12-04:00,1806807,python,D,234416624,235256868,587448856,249818672,668281168,21279188,14039112,449120748,248769822,232070677
2026-07-18T03:07:17-04:00,1806807,python,D,233162796,234917480,587448856,249818672,668281168,21290237,15139136,449120748,248856024,232070677
2026-07-18T03:07:22-04:00,1806807,python,D,233843300,234564688,587448856,249818672,668281168,21301734,14541088,449120748,248945780,232070677
2026-07-18T03:07:27-04:00,1806807,python,D,235126440,233897748,587448856,249818672,668281168,21323498,13327948,449120748,249115714,232070677
2026-07-18T03:07:32-04:00,1806807,python,D,235103300,232919360,587448856,249818672,668281168,21355397,13342020,449120748,249364724,232070677
2026-07-18T03:07:37-04:00,1806807,python,D,236862268,232006276,587448856,249818672,668281168,21385158,11565716,449120744,249596985,232070677
2026-07-18T03:07:42-04:00,1806807,python,R,238551360,231128668,587448856,249818672,668281168,21413743,9858252,449120744,249819907,232070677
2026-07-18T03:07:47-04:00,1806807,python,D,238398424,230218316,587448856,249818672,668281168,21443442,9735040,449120744,250051993,232070677
2026-07-18T03:07:52-04:00,1806807,python,D,240189152,229287732,587448856,249818672,668281168,21473764,8177116,449120744,250288725,232070677
2026-07-18T03:07:57-04:00,1806807,python,D,240042508,228373464,587448856,249818672,668281168,21503567,7807004,449120744,250521310,232070677
2026-07-18T03:08:02-04:00,1806807,python,D,241768276,227477284,587448856,249818672,668281168,21532783,6035784,449120744,250749417,232070677
2026-07-18T03:08:07-04:00,1806807,python,D,241360952,226698684,587448856,249818672,668281168,21558158,6154236,449120744,250947488,232070677
2026-07-18T03:08:12-04:00,1806807,python,D,242962132,225867600,587448856,249818672,668281168,21585267,4828040,449120744,251159099,232070677
2026-07-18T03:08:17-04:00,1806807,python,D,244538732,225048748,587448856,249818672,668281168,21611975,3249880,449120744,251367409,232070677
2026-07-18T03:08:22-04:00,1806807,python,D,244274524,224194652,587448856,249818672,668281168,21639789,3114572,449120744,251584676,232070677
2026-07-18T03:08:27-04:00,1806807,python,D,245974148,223312308,587448856,249818672,668281168,21668542,1792292,449120744,251809237,232070677
2026-07-18T03:08:32-04:00,1806807,python,D,245257544,222957708,587448856,249818672,668281168,21697971,3014912,449120744,252038823,232070677
2026-07-18T03:08:37-04:00,1806807,python,D,246959076,222073424,587448856,249818672,668281168,21726797,1290868,449120744,252263770,232070677
2026-07-18T03:08:42-04:00,1806807,python,D,245598652,222256092,587448856,249818672,668281168,21752467,2791380,449120776,252464273,232070685
2026-07-18T03:08:47-04:00,1806807,python,R,247288092,221408664,587448856,249818672,668281168,21782110,1085876,449120776,252695668,232070685
2026-07-18T03:08:52-04:00,1806807,python,D,247285652,222125276,587448856,249818672,668281168,21807301,1077272,449120776,252892141,232070754
2026-07-18T03:08:57-04:00,1806807,python,D,246159416,222144040,587448856,249818672,668281168,21835442,2139788,449120776,253111814,232070754
2026-07-18T03:09:02-04:00,1806807,python,D,247212472,221957212,587448856,249818672,668281168,21865930,1123872,449120776,253349755,232070755
2026-07-18T03:09:07-04:00,1806807,python,D,245643244,222369428,587448856,249818672,668281168,21892309,2566204,449120776,253555756,232070755
2026-07-18T03:09:12-04:00,1806807,python,R,246728780,222068140,587448856,249818672,668281168,21919950,1568896,449120776,253771521,232070755
2026-07-18T03:09:17-04:00,1806807,python,D,247194688,222284324,587448856,249818672,668281168,21943889,1100996,449120776,253958374,232070755
2026-07-18T03:09:22-04:00,1806807,python,D,246580884,221806436,587448856,249818672,668281168,21972746,1673920,449120776,254183728,232070755
2026-07-18T03:09:27-04:00,1806807,python,D,246983012,222280884,587448856,249818672,668281168,22003583,1267864,449120776,254424494,232070755
2026-07-18T03:09:33-04:00,1806807,python,D,245591740,222533476,587448856,249818672,668281168,22030649,2634360,449120776,254635720,232070755
2026-07-18T03:09:38-04:00,1806807,python,D,247115832,221799392,587448856,249818672,668281168,22058514,1118732,449120776,254853076,232070755
2026-07-18T03:09:43-04:00,1806807,python,D,246777972,222793124,587448856,249818672,668281168,22081574,1418936,449120776,255033046,232070755
2026-07-18T03:09:48-04:00,1806807,python,D,246492988,221970212,587448856,249818672,668281168,22109719,1690948,449120776,255252846,232070755
2026-07-18T03:09:53-04:00,1806807,python,D,247115044,222099672,587448856,249818672,668281168,22136085,1059544,449120776,255458763,232070755
2026-07-18T03:09:58-04:00,1806807,python,D,245732812,222347368,587448856,249818672,668281168,22163349,2416068,449120776,255671626,232070755
2026-07-18T03:10:03-04:00,1806807,python,D,246892512,222002720,587448856,249818672,668281168,22192071,1225292,449120776,255895867,232070755
2026-07-18T03:10:08-04:00,1806807,python,R,247053132,222626896,587448856,249818672,668281168,22219713,1073308,449120776,256111570,232070979
2026-07-18T03:10:13-04:00,1806807,python,D,246861448,221736940,587448856,249818672,668281168,22248740,1205784,449120776,256338419,232070979
2026-07-18T03:10:18-04:00,1806807,python,D,246734152,222614156,587448856,249818672,668281168,22275412,1041028,449122308,256546673,232071359
2026-07-18T03:10:23-04:00,1806807,python,R,245291436,222912016,587448856,249818672,668281168,22302213,2786156,449122336,256755900,232071366
2026-07-18T03:10:28-04:00,1806807,python,D,246873564,222089820,587448856,249818672,668281168,22329019,1166580,449122336,256965113,232071366
2026-07-18T03:10:33-04:00,1806807,python,R,246796448,222877948,587448856,249818672,668281168,22354040,2889980,449122336,257160209,232071366
2026-07-18T03:10:38-04:00,1806807,python,D,246617704,221981112,587448856,249818672,668281168,22383298,1430000,449122336,257388799,232071366
2026-07-18T03:10:43-04:00,1806807,python,R,247005836,222299688,587448856,249818672,668281168,22408199,1073668,449122336,257583143,232071366
2026-07-18T03:10:48-04:00,1806807,python,D,245236536,222837932,587448856,249818672,668281168,22432051,2834832,449122592,257769417,232071434
2026-07-18T03:10:53-04:00,1806807,python,D,246794852,222029172,587448856,249818672,668281168,22458408,1237556,449122592,257975167,232071434
2026-07-18T03:10:58-04:00,1806807,python,D,246931352,222510980,587448856,249818672,668281168,22480210,1137032,449122592,258145441,232071434
2026-07-18T03:11:03-04:00,1806807,python,D,245449248,222317604,585541504,249818672,668281168,22504454,2601896,449122592,258312586,232071434
2026-07-18T03:11:08-04:00,1806807,python,D,246619640,221528608,587448856,249818672,668281168,22532163,1361432,449122592,258513409,232071434
2026-07-18T03:11:13-04:00,1806807,python,D,246956500,221862944,587448856,249818672,668281168,22555798,1079812,449122592,258697936,232071434
2026-07-18T03:11:18-04:00,1806807,python,D,246906260,222576088,587448856,249818672,668281168,22579155,1106060,449122592,258880245,232071434
2026-07-18T03:11:23-04:00,1806807,python,D,244462216,225610296,590143072,249818672,668281168,22592519,3546196,449122624,258984911,232071442
2026-07-18T03:11:28-04:00,1806807,python,D,243858068,227772940,590143072,249818672,668281168,22602676,4182952,449122624,259064647,232071442
2026-07-18T03:11:33-04:00,1806807,python,R,246761820,227006868,594728332,249818672,668281168,22611930,1377916,446821840,259136555,232071442
2026-07-18T03:11:38-04:00,1806807,python,D,246899532,230521456,603931456,249818672,668281168,22626319,1233412,446840416,259251803,232076127
2026-07-18T03:11:43-04:00,1806807,python,R,246905048,231204088,603931456,249818672,668281168,22647885,1225788,446840416,259424288,232076127
2026-07-18T03:11:48-04:00,1806807,python,R,246913408,231879896,603931456,249818672,668281168,22669303,1231776,446854864,259595457,232079720
2026-07-18T03:11:53-04:00,1806807,python,R,246927380,232603204,603931456,249818672,668281168,22692342,1211912,446854872,259779750,232079722
2026-07-18T03:11:58-04:00,1806807,python,D,246919772,233315720,603931456,249818672,668281168,22714401,1199316,446854880,259956358,232079727
2026-07-18T03:12:03-04:00,1806807,python,D,246911028,233993008,603931456,249818672,668281168,22735302,1209596,446904156,260123484,232092038
2026-07-18T03:12:08-04:00,1806807,python,D,246909812,234683952,603931456,249818672,668281168,22756860,1182940,446920572,260295910,232096142
2026-07-18T03:12:13-04:00,1806807,python,R,246939856,235341192,603931456,249818672,668281168,22778305,1144524,446921080,260467360,232096294
2026-07-18T03:12:18-04:00,1806807,python,D,246935100,236047944,603931456,249818672,668281168,22800263,1171044,446921324,260643250,232096373
2026-07-18T03:12:23-04:00,1806807,python,D,246939228,236778760,603931456,249818672,668281168,22823242,1166544,446921324,260827112,232096373
2026-07-18T03:12:28-04:00,1806807,python,D,246939056,237494996,603931456,249818672,668281168,22845622,1151156,446921772,261006098,232096485
2026-07-18T03:12:33-04:00,1806807,python,D,246942624,238213224,603931456,249818672,668281168,22868124,1164268,446922296,261186152,232096649
2026-07-18T03:12:38-04:00,1806807,python,R,246950800,238922356,603931456,249818672,668281168,22890596,1167612,446953040,261365977,232104341
2026-07-18T03:12:43-04:00,1806807,python,R,246736400,245674928,613134580,249818672,668281168,22899539,1474116,447346596,261437287,232202785
2026-07-18T03:12:48-04:00,1806807,python,D,246859116,248761132,615435364,249818672,668281168,22915607,1327204,448276360,261565954,232435273
2026-07-18T03:12:54-04:00,1806807,python,D,246756520,249246600,615435364,249818672,668281168,22939438,1407548,448276360,261756583,232435273
2026-07-18T03:12:59-04:00,1806807,python,D,246922224,249470068,615435364,249818672,668281168,22963801,1239772,448276772,261951421,232435375
2026-07-18T03:13:04-04:00,1806807,python,D,247000536,249759700,615435364,249818672,668281168,22986879,1145888,448277912,262136025,232435673
2026-07-18T03:13:09-04:00,1806807,python,D,247152960,250002644,615435364,249818672,668281168,23011593,1048224,448278872,262333695,232435914
2026-07-18T03:13:14-04:00,1806807,python,D,246930224,250643648,615435364,249818672,668281168,23037709,1235908,448278888,262542636,232435918
2026-07-18T03:13:19-04:00,1806807,python,D,245722180,249963540,615435364,249818672,668281168,23063483,2453860,448278888,262748873,232435918
2026-07-18T03:13:24-04:00,1806807,python,D,246841744,249303492,615435364,249818672,668281168,23092267,1362076,448278888,262979097,232435918
2026-07-18T03:13:29-04:00,1806807,python,D,246745120,249811012,615435364,249818672,668281168,23117891,1448768,448278888,263184051,232435918
2026-07-18T03:13:34-04:00,1806807,python,D,247006944,249996128,615435364,249818672,668281168,23145869,1210008,448278888,263407948,232435918
2026-07-18T03:13:39-04:00,1806807,python,D,247222884,250238480,615435364,249818672,668281168,23174515,1025864,448278888,263637062,232435918
2026-07-18T03:13:44-04:00,1806807,python,D,245499880,250099784,615435364,249818672,668281168,23201912,2737548,448278888,263856200,232435934
2026-07-18T03:13:49-04:00,1806807,python,D,246830164,249213892,615435364,249818672,668281168,23229608,1379080,448278888,264077746,232435934
2026-07-18T03:13:54-04:00,1806807,python,D,247051976,249409828,615435364,249818672,668281168,23255825,1200216,448278888,264287558,232435939
2026-07-18T03:13:59-04:00,1806807,python,D,246855200,250051076,615435364,249818672,668281168,23283542,1424960,448278888,264509118,232435939
2026-07-18T03:14:04-04:00,1806807,python,D,247214984,250137268,615435364,249818672,668281168,23311494,1124664,448278604,264732836,232435942
2026-07-18T03:14:09-04:00,1806807,python,D,245192420,250227088,615435364,249818672,668281168,23334368,3121652,448288844,264915769,232438502
2026-07-18T03:14:14-04:00,1806807,python,D,246221800,249539684,615435364,249818672,668281168,23355853,2049172,448288844,265087632,232438502
2026-07-18T03:14:19-04:00,1806807,python,D,247223420,248904328,615435364,249818672,668281168,23378750,1121968,448288844,265270722,232438502
2026-07-18T03:14:24-04:00,1806807,python,D,246941492,249534616,615435364,249818672,668281168,23400429,1387928,448956532,265444338,232605490
2026-07-18T03:14:29-04:00,1806807,python,D,247120112,249675796,615435364,249818672,668281168,23420535,1216012,448956564,265605099,232605498
2026-07-18T03:14:34-04:00,1806807,python,D,246987792,250127560,615435364,249818672,668281168,23440489,1343592,448956772,265764672,232605550
2026-07-18T03:14:39-04:00,1806807,python,D,246893776,250535764,615435364,249818672,668281168,23460118,1438784,448956772,265921616,232605550
2026-07-18T03:14:44-04:00,1806807,python,D,245293648,250234224,615435364,249818672,668281168,23479903,3026000,448956772,266079990,232605550
2026-07-18T03:14:49-04:00,1806807,python,D,247010640,249375344,615435364,249818672,668281168,23506736,1276376,448956772,266294690,232605550
2026-07-18T03:14:54-04:00,1806807,python,D,247186960,249950996,615435364,249818672,668281168,23530236,1147096,448956772,266482708,232605550
2026-07-18T03:14:59-04:00,1806807,python,D,245192228,250315160,615435364,249818672,668281168,23551199,3121544,448956772,266650404,232605550
2026-07-18T03:15:04-04:00,1806807,python,D,246923248,249450404,615435364,249818672,668281168,23578220,1366304,448956772,266866561,232605550
2026-07-18T03:15:09-04:00,1806807,python,D,247263904,249908532,615435364,249818672,668281168,23603095,1077088,448956772,267065529,232605551
2026-07-18T03:15:14-04:00,1806807,python,D,245588324,250068508,615435364,249818672,668281168,23627748,2727548,448956772,267262768,232605551
2026-07-18T03:15:19-04:00,1806807,python,D,247291148,249217716,615435364,249818672,668281168,23654333,1018132,448956772,267475430,232605551
2026-07-18T03:15:24-04:00,1806807,python,D,247300652,250048040,615435364,249818672,668281168,23680325,1065992,448956824,267683314,232605564
2026-07-18T03:15:29-04:00,1806807,python,R,246103824,249798864,615435364,249818672,668281168,23707298,2198200,448956824,267899055,232605564
2026-07-18T03:15:34-04:00,1806807,python,D,247325096,249475408,615435364,249818672,668281168,23735414,1033532,448956852,268123887,232605572
2026-07-18T03:15:39-04:00,1806807,python,D,247325072,250297672,615435364,249818672,668281168,23761097,1007388,448956876,268329367,232605578
2026-07-18T03:15:44-04:00,1806807,python,D,246173748,249999212,615435364,249818672,668281168,23787655,2119616,448956876,268541819,232605578
2026-07-18T03:15:49-04:00,1806807,python,D,246899196,250174948,615435364,249818672,668281168,23815841,1380480,448956876,268767240,232605578
2026-07-18T03:15:54-04:00,1806807,python,D,245606908,250039684,615435364,249818672,668281168,23843137,2689120,448956876,268985586,232607611
2026-07-18T03:15:59-04:00,1806807,python,D,247320676,249277392,615435364,249818672,668281168,23872693,1044416,448959316,269221776,232608416
2026-07-18T03:16:04-04:00,1806807,python,R,247127908,250220860,615435364,249818672,668281168,23896342,1213052,448959316,269411120,232608416
2026-07-18T03:16:09-04:00,1806807,python,D,245700184,250081644,615435364,249818672,668281168,23919239,2587440,448959316,269594222,232608416
2026-07-18T03:16:15-04:00,1806807,python,D,247314484,249288292,615435364,249818672,668281168,23944932,1030668,448959316,269799798,232608416
2026-07-18T03:16:20-04:00,1806807,python,D,247251336,250089424,615435364,249818672,668281168,23967684,1122040,448959316,269981806,232608416
2026-07-18T03:16:25-04:00,1806807,python,D,245846576,249947540,615435364,249818672,668281168,23991502,2447832,448959316,270172322,232608416
2026-07-18T03:16:30-04:00,1806807,python,D,247321456,249298100,615435364,249818672,668281168,24017303,998296,448959316,270378769,232608416
2026-07-18T03:16:35-04:00,1806807,python,R,247327120,250038004,615435364,249818672,668281168,24040623,1004224,448959316,270565165,232608416
2026-07-18T03:16:40-04:00,1806807,python,D,246055228,249824968,615435364,249818672,668281168,24066092,2238220,449292092,270769033,232691610
2026-07-18T03:16:45-04:00,1806807,python,D,247203564,249520344,615435364,249818672,668281168,24092505,1078152,449832764,270980320,232826778
2026-07-18T03:16:50-04:00,1806807,python,D,247076288,250513924,615435364,249818672,668281168,24119541,1224900,451440164,271196584,233228628
2026-07-18T03:16:55-04:00,1806807,python,D,246325800,249738588,615435364,249818672,668281168,24143773,1952028,451440164,271390405,233228628
2026-07-18T03:17:00-04:00,1806807,python,D,247007560,249870552,615435364,249818672,668281168,24169092,1327636,451979888,271592893,233364834
2026-07-18T03:17:05-04:00,1806807,python,D,247284200,250357916,615435364,249818672,668281168,24192921,1054176,452622676,271783453,233525371
2026-07-18T03:17:10-04:00,1806807,python,D,246208396,249987096,615435364,249818672,668281168,24219779,2071872,452865424,271998440,233584943
2026-07-18T03:17:15-04:00,1806807,python,D,247303356,249802596,615435364,249818672,668281168,24248117,1036864,453272920,272225065,233687929
2026-07-18T03:17:20-04:00,1806807,python,D,245452388,250118480,615435364,249818672,668281168,24272173,2844064,453433856,272417603,233727051
2026-07-18T03:17:25-04:00,1806807,python,D,247319888,249188820,615435364,249818672,668281168,24301480,995652,453433856,272652046,233727051
2026-07-18T03:17:30-04:00,1806807,python,D,247317656,250024696,615435364,249818672,668281168,24327338,1093212,453433856,272858892,233727051
2026-07-18T03:17:35-04:00,1806807,python,D,246911572,249843148,615435364,249818672,668281168,24358562,1424636,453433856,273048362,233727051
2026-07-18T03:17:40-04:00,1806807,python,D,247270456,250115068,615435364,249818672,668281168,24385563,1118320,453433856,273179655,233727051
2026-07-18T03:17:45-04:00,1806807,python,R,246416720,250231508,615435364,249818672,668281168,24407822,1956644,453433856,273275408,233727051
2026-07-18T03:17:50-04:00,1806807,python,D,246760356,249848964,615435364,249818672,668281168,24436103,1651248,453433856,273417059,233727055
2026-07-18T03:17:55-04:00,1806807,python,R,247351800,250066448,615435364,249818672,668281168,24466097,1028200,453433856,273559339,233727071
2026-07-18T03:18:00-04:00,1806807,python,D,246618376,250101352,615435364,249818672,668281168,24490232,1825156,453433856,273661845,233727071
2026-07-18T03:18:05-04:00,1806807,python,D,246858572,249824488,615435364,249818672,668281168,24517096,1574824,453433856,273793330,233727075
2026-07-18T03:18:10-04:00,1806807,python,R,247367068,250297292,615435364,249818672,668281168,24543036,1118216,453433856,273915054,233727087
2026-07-18T03:18:15-04:00,1806807,python,D,246523396,250126900,615435364,249818672,668281168,24566879,1937528,453433856,274016810,233727088
2026-07-18T03:18:20-04:00,1806807,python,D,245443420,250205424,615435364,249818672,668281168,24592282,3037028,453433856,274125978,233727095
2026-07-18T03:18:25-04:00,1806807,python,D,245346496,250197896,615435364,249818672,668281168,24619499,3168908,453433856,274241529,233727105
2026-07-18T03:18:30-04:00,1806807,python,R,247189660,224192728,589339912,249818672,668281168,24632674,1472752,425825868,274294226,233727134
2026-07-18T03:18:35-04:00,1806807,python,R,247528976,235127472,600784012,249818672,668281168,24632674,1342068,425825868,274294227,233727242
2026-07-18T03:18:40-04:00,1806807,python,R,246352576,235382688,598876660,249818672,668281168,24632675,7003156,420505744,274294236,234304542
2026-07-18T03:18:45-04:00,1806807,python,R,238450428,230409512,593154604,249818672,668281168,24632677,10677932,405779556,274294238,234304643
2026-07-18T03:18:50-04:00,1806807,python,R,247848604,235166804,600784000,249818672,668281168,24632679,1365776,405247688,274294259,234305125
2026-07-18T03:18:55-04:00,1806807,python,R,247924112,243964708,616042792,249818672,668281168,24632679,1466888,405247692,274294271,234305219
2026-07-18T03:19:00-04:00,1806807,python,R,246720316,250258980,616042792,249818672,668281168,24632679,2714884,405249876,274294275,234306215
2026-07-18T03:19:05-04:00,1806807,python,D,240267136,250489920,647537032,249818672,668281168,24639889,9174900,405249880,274346030,234306281
2026-07-18T03:19:10-04:00,1806807,python,D,241677784,249550184,647537032,249818672,668281168,24669301,7726640,405249880,274581023,234306281
2026-07-18T03:19:15-04:00,1806807,python,D,243151308,248568308,647537032,249818672,668281168,24700018,6239340,405249880,274826479,234306281
2026-07-18T03:19:20-04:00,1806807,python,D,244579576,247615176,647537032,249818672,668281168,24729833,4788664,405249880,275064694,234306281
2026-07-18T03:19:25-04:00,1806807,python,D,246008184,246663688,647537032,249818672,668281168,24759585,3366548,405249880,275302601,234306281
2026-07-18T03:19:30-04:00,1806807,python,D,247530276,245759600,649837816,249818672,668281168,24787873,1822968,405249880,275528551,234306281
2026-07-18T03:19:36-04:00,1806807,python,R,248304172,245715904,649837816,249818672,668281168,24810693,1148612,405249880,275711120,234306287
2026-07-18T03:19:41-04:00,1806807,python,D,248300492,246351160,649837816,249818672,668281168,24830444,1137736,405249884,275868967,234306313
2026-07-18T03:19:46-04:00,1806807,python,D,246041340,246948912,647537032,249818672,668281168,24850381,3368184,405249884,276028634,234306503
2026-07-18T03:19:51-04:00,1806807,python,D,247808468,246087032,647537032,249818672,668281168,24878714,1615548,405249884,276255351,234306503
2026-07-18T03:19:56-04:00,1806807,python,D,248271244,246424832,647537032,249818672,668281168,24903707,1158508,405249884,276455247,234306503
2026-07-18T03:20:01-04:00,1806807,python,R,248281640,247129048,649837816,249818672,668281168,24926070,1142488,405249876,276634188,234306503
2026-07-18T03:20:06-04:00,1806807,python,D,248090508,248098904,649837816,249818672,668281168,24950425,1318000,405249736,276829022,234306506
2026-07-18T03:20:11-04:00,1806807,python,D,248082392,248803852,649837816,249818672,668281168,24972188,1327428,405249736,277003066,234306506
2026-07-18T03:20:16-04:00,1806807,python,R,247089036,249489360,647537032,249818672,668281168,24993168,2322816,405249736,277170776,234306511
2026-07-18T03:20:21-04:00,1806807,python,D,248089328,250072020,649837816,249818672,668281168,25012015,1354816,405249736,277321688,234306513
2026-07-18T03:20:26-04:00,1806807,python,D,248085088,250806308,649837816,249818672,668281168,25034821,1377128,405249736,277504076,234306556
2026-07-18T03:20:31-04:00,1806807,python,D,248083912,251525788,649837816,249818672,668281168,25057277,1363652,405249736,277683552,234306556
2026-07-18T03:20:36-04:00,1806807,python,R,247919148,252207620,649837816,249818672,668281168,25073460,1507344,405251288,277813186,234306944
2026-07-18T03:20:41-04:00,1806807,python,D,248090624,252798160,649837816,249818672,668281168,25097141,1317620,406085632,278002571,234515530
2026-07-18T03:20:46-04:00,1806807,python,R,248040276,253558076,649837816,249818672,668281168,25119421,1359840,407556812,278180462,234883285
2026-07-18T03:20:51-04:00,1806807,python,D,245724860,254249620,647537032,249818672,668281168,25140568,3356696,407900784,278349611,234911262
2026-07-18T03:20:56-04:00,1806807,python,D,247185700,253624364,647537032,249818672,668281168,25166707,1837420,407968384,278558592,234913424
2026-07-18T03:21:01-04:00,1806807,python,D,247607388,253876524,647537032,249818672,668281168,25187784,1335448,408065036,278727290,234921701
2026-07-18T03:21:06-04:00,1806807,python,D,247571316,254578664,647537032,249818672,668281168,25208611,1338388,408096564,278893848,234922335
2026-07-18T03:21:11-04:00,1806807,python,D,247515684,255353312,649837816,249818672,668281168,25231090,1252396,408344232,279073660,234948706
2026-07-18T03:21:16-04:00,1806807,python,R,247327732,256203856,649837816,249818672,668281168,25251757,1236680,408571644,279238757,234962152
2026-07-18T03:21:21-04:00,1806807,python,D,247197248,256962180,649837816,249818672,668281168,25271397,1262136,408735952,279395987,234974109
2026-07-18T03:21:26-04:00,1806807,python,R,245064432,257360680,647537032,249818672,668281168,25289083,3248356,408876968,279537541,234980243
2026-07-18T03:21:31-04:00,1806807,python,D,246368436,256828644,647537032,249818672,668281168,25313178,1928532,408937296,279730248,234982398
2026-07-18T03:21:36-04:00,1806807,python,D,246905692,257014400,647537032,249818672,668281168,25335818,1317216,409050476,279911388,234992488
2026-07-18T03:21:41-04:00,1806807,python,D,246841004,257747668,649837816,249818672,668281168,25356709,1305396,409283360,280078491,235029865
2026-07-18T03:21:46-04:00,1806807,python,D,246675356,258510980,649837816,249818672,668281168,25375390,1298352,409474572,280227851,235041123
2026-07-18T03:21:51-04:00,1806807,python,D,246563972,259252732,649837816,249818672,668281168,25395092,1316904,409628208,280385504,235055397
2026-07-18T03:21:56-04:00,1806807,python,D,246452952,259978856,649837816,249818672,668281168,25414309,1343072,409765864,280539245,235064102
2026-07-18T03:22:01-04:00,1806807,python,D,246334832,260524364,649837816,249818672,668281168,25427670,1331680,409914732,280646199,235074658
2026-07-18T03:22:06-04:00,1806807,python,D,246253860,261275296,649837816,249818672,668281168,25448625,1328780,410049512,280813765,235086268
2026-07-18T03:22:11-04:00,1806807,python,D,246126268,262052456,649837816,249818672,668281168,25468915,1334148,410341120,280976040,235130756
2026-07-18T03:22:16-04:00,1806807,python,R,246121024,262712540,649837816,249818672,668281168,25489358,1312888,410367508,281139392,235132554
2026-07-18T03:22:21-04:00,1806807,python,D,245693260,263626808,649837816,249818672,668281168,25504599,1473932,410751312,281261486,235161977
2026-07-18T03:22:26-04:00,1806807,python,D,245346004,264635440,649837816,249818672,668281168,25525268,1499632,411298820,281426801,235216200
2026-07-18T03:22:31-04:00,1806807,python,D,245045600,265596676,649837816,249818672,668281168,25545909,1522692,411742580,281591925,235256320
2026-07-18T03:22:36-04:00,1806807,python,D,244632608,266628804,649837816,249818672,668281168,25565270,1540988,412260464,281746756,235288695
2026-07-18T03:22:41-04:00,1806807,python,D,244164036,267198252,649837816,249818672,668281168,25580556,1476368,413057080,281869003,235359802
2026-07-18T03:22:46-04:00,1806807,python,D,244560152,267530916,649837816,249818672,668281168,25603368,1090656,414119644,282051438,235625443
2026-07-18T03:22:51-04:00,1806807,python,D,244513656,266839272,649837816,249818672,668281168,25628652,1110524,414234888,282253738,235654037
2026-07-18T03:22:57-04:00,1806807,python,D,244195644,266047200,649837816,249818672,668281168,25653412,1420080,414234888,282451735,235654037
2026-07-18T03:23:02-04:00,1806807,python,D,244157552,265307056,649837816,249818672,668281168,25679379,1393052,414303728,282659375,235658403
2026-07-18T03:23:07-04:00,1806807,python,D,241474364,265006308,649837816,249818672,668281168,25705553,4041860,414303728,282868681,235658403
2026-07-18T03:23:12-04:00,1806807,python,D,240793444,264196808,647537032,249818672,668281168,25730848,4702692,414303728,283071089,235658403
2026-07-18T03:23:17-04:00,1806807,python,D,242561908,263312952,647537032,249818672,668281168,25758475,2930288,414303728,283292069,235658403
2026-07-18T03:23:22-04:00,1806807,python,D,244321532,262433572,649837816,249818672,668281168,25785963,1173424,414303728,283511914,235658403
2026-07-18T03:23:27-04:00,1806807,python,D,244487848,263009740,649837816,249818672,668281168,25809211,1102528,414312660,283697876,235658403
2026-07-18T03:23:32-04:00,1806807,python,D,244470896,263709156,649837816,249818672,668281168,25830532,1098556,414325320,283868471,235658675
2026-07-18T03:23:37-04:00,1806807,python,D,244408676,264404348,649837816,249818672,668281168,25850196,1127284,414332320,284025757,235662922
2026-07-18T03:23:42-04:00,1806807,python,R,244171100,265043844,649837816,249818672,668281168,25862878,1307928,414332504,284127031,235662981
2026-07-18T03:23:47-04:00,1806807,python,D,244121248,265836584,649837816,249818672,668281168,25886128,1354552,414332504,284313108,235662983
2026-07-18T03:23:52-04:00,1806807,python,D,244051588,266632912,649837816,249818672,668281168,25908728,1385432,414332516,284493883,235662986
2026-07-18T03:23:57-04:00,1806807,python,R,243244452,267586792,647537032,249818672,668281168,25927961,2127376,414332556,284647497,235662990
2026-07-18T03:24:02-04:00,1806807,python,R,244039616,267880636,649837816,249818672,668281168,25947491,1338048,414332556,284803872,235662990
2026-07-18T03:24:07-04:00,1806807,python,R,243981432,268647528,649837816,249818672,668281168,25969614,1358232,414332568,284980613,235662993
2026-07-18T03:24:12-04:00,1806807,python,D,243933392,269374540,649837816,249818672,668281168,25990863,1397576,414333228,285150701,235663283
2026-07-18T03:24:17-04:00,1806807,python,D,243502664,270206116,649837816,249818672,668281168,26003352,1808452,414333228,285250559,235663292
2026-07-18T03:24:22-04:00,1806807,python,D,244029076,270181692,649837816,249818672,668281168,26019194,1304160,414333228,285377271,235663378
2026-07-18T03:24:27-04:00,1806807,python,D,244029988,270865996,649837816,249818672,668281168,26040615,1283404,414333228,285548579,235663412
2026-07-18T03:24:32-04:00,1806807,python,R,244270256,271308812,649837816,249818672,668281168,26061945,1061612,414336340,285719069,235664743
2026-07-18T03:24:37-04:00,1806807,python,D,243346384,272685824,649837816,249818672,668281168,26076121,2011800,414336340,285832591,235664771
2026-07-18T03:24:42-04:00,1806807,python,D,243693396,273099324,649837816,249818672,668281168,26099851,1660188,414340092,286022428,235666042
2026-07-18T03:24:47-04:00,1806807,python,D,244220240,273305952,649837816,249818672,668281168,26122814,1173572,414340100,286206172,235666063
2026-07-18T03:24:52-04:00,1806807,python,R,243868608,274039760,647537032,249818672,668281168,26143688,1569528,414343348,286372997,235667274
2026-07-18T03:24:57-04:00,1806807,python,D,243128808,273572180,647537032,249818672,668281168,26168863,2276576,414347156,286574565,235668422
2026-07-18T03:25:02-04:00,1806807,python,D,244093680,273457868,647537032,249818672,668281168,26195472,1337404,414347156,286787372,235668422
2026-07-18T03:25:07-04:00,1806807,python,D,244118988,274135344,649837816,249818672,668281168,26217380,1327684,414348596,286962672,235669678
2026-07-18T03:25:12-04:00,1806807,python,D,244106528,274824424,649837816,249818672,668281168,26238438,1340972,414349012,287131149,235669910
2026-07-18T03:25:17-04:00,1806807,python,D,244093596,275510952,649837816,249818672,668281168,26259622,1355352,414349064,287300689,235669990
2026-07-18T03:25:22-04:00,1806807,python,D,244076012,276202536,649837816,249818672,668281168,26280672,1375800,414349132,287468998,235670076
2026-07-18T03:25:27-04:00,1806807,python,R,243462448,280357028,682048740,249818672,682048740,26287492,2001996,414349384,287523433,235670265
2026-07-18T03:25:32-04:00,1806807,python,R,243688492,291059480,682048740,249818672,682048740,26287492,1742524,414464088,287523440,235699128
2026-07-18T03:25:37-04:00,1806807,python,R,243840900,302258932,682048740,249818672,682048740,26287492,1543188,419464032,287523441,236951265
2026-07-18T03:25:42-04:00,1806807,python,D,243915812,311213808,684349524,249818672,684349524,26291325,1384524,427694440,287554215,239007060
2026-07-18T03:25:47-04:00,1806807,python,D,244107032,311737312,684349524,249818672,684349524,26313666,1195892,428831024,287732993,239291207
2026-07-18T03:25:52-04:00,1806807,python,D,244080800,312410512,684349524,249818672,684349524,26333896,1206372,430070696,287894831,239601137
2026-07-18T03:25:57-04:00,1806807,python,D,244016720,313189440,684349524,249818672,684349524,26356251,1267752,431291416,288073513,239907342
2026-07-18T03:26:02-04:00,1806807,python,D,243096132,312604588,684349524,249818672,684349524,26381111,2160372,431485812,288272602,239954917
2026-07-18T03:26:07-04:00,1806807,python,D,244061736,312467268,684349524,249818672,684349524,26407023,1228912,432125216,288479777,240115349
2026-07-18T03:26:13-04:00,1806807,python,D,243994052,313206760,684349524,249818672,684349524,26428013,1282400,433322864,288647758,240414200
2026-07-18T03:26:18-04:00,1806807,python,R,242925476,314123116,684349524,249818672,684349524,26431295,2245200,434186216,288673879,240630083
2026-07-18T03:26:23-04:00,1806807,python,D,242157572,313485868,684349524,249818672,684349524,26451233,3085192,434186216,288833561,240630083
2026-07-18T03:26:28-04:00,1806807,python,D,243807108,312661644,684349524,249818672,684349524,26476984,1399640,434186216,289039572,240630083
2026-07-18T03:26:33-04:00,1806807,python,D,243976880,313238040,684349524,249818672,684349524,26500354,1299744,435206812,289226514,240886294
2026-07-18T03:26:38-04:00,1806807,python,D,243199596,312568740,684349524,249818672,684349524,26526989,2026128,435361548,289439623,240923991
2026-07-18T03:26:43-04:00,1806807,python,R,244342200,312221320,684349524,249818672,684349524,26551901,919708,435764256,289638916,241026061
2026-07-18T03:26:48-04:00,1806807,python,R,244273972,313007804,684349524,249818672,684349524,26574321,999484,436976488,289818121,241327990
2026-07-18T03:26:53-04:00,1806807,python,R,243683004,313623632,684349524,249818672,684349524,26575097,1563536,437409824,289824345,241436203
2026-07-18T03:26:58-04:00,1806807,python,D,242996940,312816220,684349524,249818672,684349524,26600352,2018120,437409824,290026582,241436203
2026-07-18T03:27:03-04:00,1806807,python,R,244339720,312311148,684349524,249818672,684349524,26626539,919488,437638152,290236107,241493295
2026-07-18T03:27:08-04:00,1806807,python,R,243784168,313256000,684349524,249818672,684349524,26646998,1443120,438692864,290399583,241757016
2026-07-18T03:27:13-04:00,1806807,python,D,241633360,313430488,684349524,249818672,684349524,26648813,2754876,438832780,290414225,241792006
2026-07-18T03:27:18-04:00,1806807,python,D,243234352,312630104,684349524,249818672,684349524,26673840,1704100,438832780,290614487,241792006
2026-07-18T03:27:23-04:00,1806807,python,D,244296284,312422392,684349524,249818672,684349524,26700558,940352,439272484,290828307,241901932
2026-07-18T03:27:28-04:00,1806807,python,R,243795480,313511156,684349524,249818672,684349524,26718901,1420792,440445228,290974805,242195110
2026-07-18T03:27:33-04:00,1806807,python,R,243732296,315922804,695818280,249818672,695818304,26718907,1411696,442176672,290974828,242627971
2026-07-18T03:27:38-04:00,1806807,python,D,240151960,317630972,693552624,249818672,695818304,26733878,4990132,444355552,291092911,243172691
2026-07-18T03:27:43-04:00,1806807,python,D,242052620,316684744,693552624,249818672,695818304,26763871,3068280,444355552,291329473,243172691
2026-07-18T03:27:48-04:00,1806807,python,D,241580940,315771912,693552624,249818672,695818304,26792526,3535700,444355552,291557686,243172691
2026-07-18T03:27:53-04:00,1806807,python,D,243513528,314808028,693552624,249818672,695818304,26822879,1580980,444355552,291798687,243172691
2026-07-18T03:27:58-04:00,1806807,python,D,244272456,314913564,693552624,249818672,695818304,26850033,917500,445315996,292012305,243412802
2026-07-18T03:28:03-04:00,1806807,python,R,242541052,315053364,693552624,249818672,695818304,26872255,2602896,446159708,292188258,243623730
2026-07-18T03:28:08-04:00,1806807,python,R,244274004,314193020,693552624,249818672,695818304,26899519,889000,446171996,292406124,243626802
2026-07-18T03:28:13-04:00,1806807,python,R,244195708,314998356,693552624,249818672,695818304,26922229,978324,447703900,292587724,244009778
2026-07-18T03:28:18-04:00,1806807,python,D,242389756,315149396,693552624,249818672,695818304,26942403,2766064,448492380,292747399,244206898
2026-07-18T03:28:23-04:00,1806807,python,D,244089884,314307252,693552624,249818672,695818304,26969256,1033616,448492380,292958036,244206898
2026-07-18T03:28:28-04:00,1806807,python,D,244287684,314840716,693552624,249818672,695818304,26992028,871152,449713760,293137545,244512243
2026-07-18T03:28:33-04:00,1806807,python,D,242598280,315016616,693552624,249818672,695818304,27016688,2556140,449793164,293331906,244532094
2026-07-18T03:28:38-04:00,1806807,python,D,243836132,314677836,693552624,249818672,695818304,27044766,1315952,449818740,293556544,244538488
2026-07-18T03:28:43-04:00,1806807,python,D,244225044,315090380,693552624,249818672,695818304,27069835,956384,449901112,293756986,244559125
2026-07-18T03:28:48-04:00,1806807,python,D,242769200,314966528,693552624,249818672,695818304,27092386,2371188,449955188,293936165,244572600
2026-07-18T03:28:53-04:00,1806807,python,R,244251908,314282860,693552624,249818672,695818304,27117359,929940,449960868,294130470,244574020
2026-07-18T03:28:58-04:00,1806807,python,R,244225128,314981232,693552624,249818672,695818304,27138363,951968,450400888,294295825,244684018
2026-07-18T03:29:03-04:00,1806807,python,D,242683400,315007240,693552624,249818672,695818304,27162696,2483180,451011628,294488568,244836688
2026-07-18T03:29:08-04:00,1806807,python,R,244282460,314336116,693552624,249818672,695818304,27191702,906784,451198132,294720380,244883314
2026-07-18T03:29:13-04:00,1806807,python,D,244271168,315085496,693552624,249818672,695818304,27214797,904532,452327960,294905301,245165745
2026-07-18T03:29:18-04:00,1806807,python,R,242968684,314852964,693552624,249818672,695818304,27238712,2170172,452765576,295093342,245275146
2026-07-18T03:29:23-04:00,1806807,python,D,244268120,314391568,693552624,249818672,695818304,27264764,895216,453049000,295294593,245346239
2026-07-18T03:29:28-04:00,1806807,python,R,244173728,315210744,693552624,249818672,695818304,27287195,992628,454185652,295469727,245630158
2026-07-18T03:29:34-04:00,1806807,python,D,243012068,314862892,693552624,249818672,695818304,27311928,2112892,454547772,295666227,245720688
2026-07-18T03:29:39-04:00,1806807,python,D,244021368,314640748,693552624,249818672,695818304,27336554,1142668,455014188,295863170,245837804
2026-07-18T03:29:44-04:00,1806807,python,D,244002940,315324956,693552624,249818672,695818304,27357372,1140648,456079964,296029620,246103736
2026-07-18T03:29:49-04:00,1806807,python,D,242597224,315158936,693552624,249818672,695818304,27380154,2560208,456490740,296210614,246206425
2026-07-18T03:29:54-04:00,1806807,python,D,244245676,314419748,693552624,249818672,695818304,27408594,914288,456614668,296436346,246237407
2026-07-18T03:29:59-04:00,1806807,python,D,244225212,315163908,693552624,249818672,695818304,27431193,941468,457036712,296616153,246342913
2026-07-18T03:30:04-04:00,1806807,python,D,242255568,315351136,693552624,249818672,695818304,27447507,2884340,457130708,296745150,246366398
2026-07-18T03:30:09-04:00,1806807,python,R,243999044,314490316,693552624,249818672,695818304,27474813,1096684,457130708,296960358,246366398
2026-07-18T03:30:14-04:00,1806807,python,D,244232488,315023740,693552624,249818672,695818304,27498501,935260,457353500,297147736,246422096
2026-07-18T03:30:19-04:00,1806807,python,D,242636104,315025928,693552624,249818672,695818304,27520535,2488140,457405980,297323432,246435785
2026-07-18T03:30:24-04:00,1806807,python,D,244252220,314250224,693552624,249818672,695818304,27546859,892384,457405980,297533984,246435785
2026-07-18T03:30:29-04:00,1806807,python,D,244247632,314907328,693552624,249818672,695818304,27567242,918188,457405980,297696784,246435785
2026-07-18T03:30:34-04:00,1806807,python,D,242634936,315022904,693552624,249818672,695818304,27586730,2517904,457405980,297848028,246435785
2026-07-18T03:30:39-04:00,1806807,python,D,244270692,314326704,693552624,249818672,695818304,27616167,896608,457420840,298083027,246439500
2026-07-18T03:30:44-04:00,1806807,python,D,244260072,315047384,693552624,249818672,695818304,27638365,906904,457425872,298260492,246440758
2026-07-18T03:30:49-04:00,1806807,python,D,242980048,314909216,693552624,249818672,695818304,27661745,2161036,457425872,298444852,246440758
2026-07-18T03:30:54-04:00,1806807,python,D,244192344,314507772,693552624,249818672,695818304,27686681,981876,457425872,298644104,246440758
2026-07-18T03:30:59-04:00,1806807,python,R,242176916,315413532,693552624,249818672,695818304,27708560,2904632,457499656,298817538,246459204
2026-07-18T03:31:04-04:00,1806807,python,D,243132500,314916540,693552624,249818672,695818304,27730872,2006980,457510692,298995537,246461963
2026-07-18T03:31:09-04:00,1806807,python,D,243960044,314938196,693552624,249818672,695818304,27756420,1218100,457512580,299198974,246462435
2026-07-18T03:31:14-04:00,1806807,python,R,243305016,315409784,693552624,249818672,695818304,27778196,1751676,457512580,299368369,246462435
2026-07-18T03:31:19-04:00,1806807,python,R,242811384,315086008,693552624,249818672,695818304,27796520,2336004,457526896,299512655,246466014
2026-07-18T03:31:24-04:00,1806807,python,D,244264200,314460000,693552624,249818672,695818304,27821791,916212,457536408,299712206,246468392
2026-07-18T03:31:29-04:00,1806807,python,D,244278140,315201260,693552624,249818672,695818304,27843724,885972,457696768,299885503,246508481
2026-07-18T03:31:34-04:00,1806807,python,D,242206804,315389564,693552624,249818672,695818304,27856762,2913580,457740884,299989721,246519511
2026-07-18T03:31:39-04:00,1806807,python,D,243929416,314531208,693552624,249818672,695818304,27883657,1184472,457740884,300204236,246519511
2026-07-18T03:31:44-04:00,1806807,python,D,244273164,314937744,693552624,249818672,695818304,27906938,893700,457815292,300389291,246538113
2026-07-18T03:31:49-04:00,1806807,python,D,242025236,315431900,693552624,249818672,695818304,27924024,3101412,457848016,300525458,246546295
2026-07-18T03:31:54-04:00,1806807,python,D,243882188,314506820,693552624,249818672,695818304,27953044,1249396,457848016,300756664,246546295
2026-07-18T03:31:59-04:00,1806807,python,R,244203488,314898384,693552624,249818672,695818304,27975321,950828,457859036,300934360,246549050
2026-07-18T03:32:04-04:00,1806807,python,R,242302020,315648876,693552624,249818672,695818304,27991112,2777236,457866340,301059740,246550876
2026-07-18T03:32:09-04:00,1806807,python,R,243688244,320468692,695818280,249818672,695818304,27991156,1455024,457997244,301059743,246583602
2026-07-18T03:32:14-04:00,1806807,python,D,240100632,319988120,693552624,249818672,695818304,28006260,5036564,457997244,301180295,246583602
2026-07-18T03:32:19-04:00,1806807,python,D,241980720,319050252,693552624,249818672,695818304,28035774,3126648,457997244,301414724,246583602
2026-07-18T03:32:24-04:00,1806807,python,R,243733632,318174260,693552624,249818672,695818304,28063178,1381488,457997244,301633331,246583602
2026-07-18T03:32:29-04:00,1806807,python,D,243275628,317253604,693552624,249818672,695818304,28092041,1812720,457997244,301863864,246583602
2026-07-18T03:32:34-04:00,1806807,python,D,244259880,317114252,693552624,249818672,695818304,28118557,914780,458001824,302074503,246584747
2026-07-18T03:32:39-04:00,1806807,python,D,241765212,317889588,693552624,249818672,695818304,28136742,3371112,458170116,302218169,246626820
2026-07-18T03:32:44-04:00,1806807,python,R,243417116,317064852,693552624,249818672,695818304,28162680,1707116,458170116,302424536,246626820
2026-07-18T03:32:49-04:00,1806807,python,D,244230392,317031968,693552624,249818672,695818304,28187050,934068,458256020,302619398,246648298
2026-07-18T03:32:55-04:00,1806807,python,R,242164720,317684704,693552624,249818672,695818304,28207202,2905548,458303476,302780276,246660163
2026-07-18T03:33:00-04:00,1806807,python,R,242963208,317258736,693552624,249818672,695818304,28226419,2188364,458307148,302933802,246661081
2026-07-18T03:33:05-04:00,1806807,python,R,244252340,316807288,693552624,249818672,695818304,28252734,914868,458308532,303143127,246661427
2026-07-18T03:33:10-04:00,1806807,python,D,244230288,317530496,693552624,249818672,695818304,28274663,921508,458452688,303318251,246697469
2026-07-18T03:33:15-04:00,1806807,python,D,241765592,317954680,693552624,249818672,695818304,28282747,3305260,458516072,303382539,246713315
2026-07-18T03:33:20-04:00,1806807,python,D,243399668,317137692,693552624,249818672,695818304,28308352,1724180,458516072,303587032,246713315
2026-07-18T03:33:25-04:00,1806807,python,D,244242012,317076428,693552624,249818672,695818304,28332851,921100,458538884,303781726,246719018
2026-07-18T03:33:30-04:00,1806807,python,R,243993656,317885336,693552624,249818672,695818304,28351285,1174188,458642988,303928444,246745045
2026-07-18T03:33:35-04:00,1806807,python,D,243118496,317189456,693552624,249818672,695818304,28373246,1988604,458642988,304103823,246745045
2026-07-18T03:33:40-04:00,1806807,python,D,244242720,316884756,693552624,249818672,695818304,28398852,927228,458704424,304308387,246760407
2026-07-18T03:33:45-04:00,1806807,python,D,244233424,317574892,693552624,249818672,695818304,28420186,940108,458784200,304478572,246780353
2026-07-18T03:33:50-04:00,1806807,python,D,242330464,317692944,693552624,249818672,695818304,28436348,2816940,458787320,304607006,246781133
2026-07-18T03:33:55-04:00,1806807,python,R,244031488,316884752,693552624,249818672,695818304,28464183,1134264,458787320,304827653,246781133
2026-07-18T03:34:00-04:00,1806807,python,D,244042560,317620144,693552624,249818672,695818304,28487616,1122388,458801872,305014406,246784771
2026-07-18T03:34:05-04:00,1806807,python,D,242146288,317784800,693552624,249818672,695818304,28505360,2993876,458801872,305155693,246784771
2026-07-18T03:34:10-04:00,1806807,python,D,243885424,316916160,693552624,249818672,695818304,28532615,1228660,458801872,305372868,246784771
2026-07-18T03:34:15-04:00,1806807,python,D,244255868,317364852,693552624,249818672,695818304,28558266,897616,458801872,305576685,246784771
2026-07-18T03:34:20-04:00,1806807,python,R,243902156,320014296,695818280,249818672,695818304,28567251,1276400,458804344,305648243,246785389
2026-07-18T03:34:25-04:00,1806807,python,D,239222588,322742100,693552624,249818672,695818304,28569020,5624988,458879468,305662572,246804171
2026-07-18T03:34:30-04:00,1806807,python,D,241136732,321786452,693552624,249818672,695818304,28599041,3957464,458879468,305901541,246804171
2026-07-18T03:34:35-04:00,1806807,python,D,243083528,320814632,693552624,249818672,695818304,28629533,2005220,458879468,306144520,246804171
2026-07-18T03:34:40-04:00,1806807,python,D,241993448,320210952,693552624,249818672,695818304,28648471,3102876,458879468,306295284,246804171
2026-07-18T03:34:45-04:00,1806807,python,D,243679988,319370300,693552624,249818672,695818304,28674991,1407684,458879468,306505528,246804171
2026-07-18T03:34:50-04:00,1806807,python,D,244114900,319655096,693552624,249818672,695818304,28697639,1039224,458935188,306683798,246818101
2026-07-18T03:34:55-04:00,1806807,python,R,242167948,320341796,693552624,249818672,695818304,28711374,2901952,458981748,306793066,246829743
2026-07-18T03:35:00-04:00,1806807,python,R,243853468,320532164,695818280,249818672,695818304,28711374,1285604,458981748,306793074,246829743
2026-07-18T03:35:05-04:00,1806807,python,R,240733564,325167340,693552624,249818672,695818304,28711376,4316860,459116368,306793089,246863401
2026-07-18T03:35:10-04:00,1806807,python,D,240524904,324427584,693552624,249818672,695818304,28734579,4577032,459116368,306978379,246863401
2026-07-18T03:35:15-04:00,1806807,python,D,242283028,323552148,693552624,249818672,695818304,28762005,2798904,459116368,307197206,246863401
2026-07-18T03:35:20-04:00,1806807,python,R,242388080,322886136,693552624,249818672,695818304,28782983,2615056,459116368,307363353,246863401
2026-07-18T03:35:25-04:00,1806807,python,D,242954416,322077976,693552624,249818672,695818304,28808420,2126400,459116368,307565692,246863401
2026-07-18T03:35:30-04:00,1806807,python,R,244029376,321846804,693552624,249818672,695818304,28834729,1125672,459116368,307773537,246863401
2026-07-18T03:35:35-04:00,1806807,python,R,243681536,322697904,693552624,249818672,695818304,28854499,1488288,459116368,307929590,246863415
2026-07-18T03:35:40-04:00,1806807,python,R,243586196,322923192,693552624,249818672,695818304,28854499,1549156,459116368,307929591,246863416
2026-07-18T03:35:45-04:00,1806807,python,R,242320164,322923116,693159192,249818672,695818304,28854516,2758900,459116368,307929623,246863416
2026-07-18T03:35:50-04:00,1806807,python,D,159755392,322201172,647536880,249818672,695818304,28887046,85272760,459076056,308101287,246863416
2026-07-18T03:35:55-04:00,1806807,python,D,161506768,321377460,647536880,249818672,695818304,28915664,83740824,459076056,308307221,246863416
2026-07-18T03:36:00-04:00,1806807,python,R,163227844,320548912,649837664,249818672,695818304,28944275,81998420,459076056,308514381,246863416
2026-07-18T03:36:05-04:00,1806807,python,D,164959864,319736396,649837664,249818672,695818304,28971858,80269600,459076056,308717475,246863416
2026-07-18T03:36:10-04:00,1806807,python,D,166667928,318925340,649837664,249818672,695818304,28999161,78488596,459075844,308927777,246863416
2026-07-18T03:36:16-04:00,1806807,python,D,167771196,318179680,647536880,249818672,695818304,29023789,77390360,459075844,309114164,246863416
2026-07-18T03:36:21-04:00,1806807,python,D,168563008,317387900,647536880,249818672,695818304,29048845,76594596,459075844,309312109,246863416
2026-07-18T03:36:26-04:00,1806807,python,D,169356864,316594044,647536880,249818672,695818304,29074004,75800892,459075844,309510532,246863416
2026-07-18T03:36:31-04:00,1806807,python,D,168640348,315729244,647536880,249818672,695818304,29102990,76025640,459075844,309726712,246863416
2026-07-18T03:36:36-04:00,1806807,python,D,170573224,314826472,647536880,249818672,695818304,29134170,74532368,459075844,309952473,246863416
2026-07-18T03:36:41-04:00,1806807,python,D,172488676,313938696,649837664,249818672,695818304,29164948,72666412,459075844,310174455,246863416
2026-07-18T03:36:46-04:00,1806807,python,D,174400872,313025984,649837664,249818672,695818304,29196288,70747784,459075844,310402582,246863416
2026-07-18T03:36:51-04:00,1806807,python,D,176031800,312243012,649837664,249818672,695818304,29223176,69114112,459075844,310598276,246863416
2026-07-18T03:36:56-04:00,1806807,python,D,177918988,311338732,649837664,249818672,695818304,29254188,67215096,459075844,310824379,246863416
2026-07-18T03:37:01-04:00,1806807,python,D,179764140,310443904,649837664,249818672,695818304,29283463,65376800,459075844,311048054,246863416
2026-07-18T03:37:06-04:00,1806807,python,D,181302488,309704324,649837664,249818672,695818304,29308319,63829656,459075844,311232965,246863416
2026-07-18T03:37:11-04:00,1806807,python,D,183124856,308836248,649837664,249818672,695818304,29337345,62005396,459075844,311450034,246863416
2026-07-18T03:37:16-04:00,1806807,python,R,182544068,308007976,647536880,249818672,695818304,29364887,61750256,459075844,311656830,246863416
2026-07-18T03:37:21-04:00,1806807,python,D,184333564,307154828,647536880,249818672,695818304,29394041,60467700,459075844,311870319,246863416
2026-07-18T03:37:26-04:00,1806807,python,D,185926160,306375400,647536880,249818672,695818304,29419574,59206404,459075844,312065089,246863416
2026-07-18T03:37:31-04:00,1806807,python,D,187633628,305546072,649837664,249818672,695818304,29446545,57500504,459075844,312272375,246863416
2026-07-18T03:37:36-04:00,1806807,python,R,189438888,304674660,649837664,249818672,695818304,29475690,55686636,459075844,312490341,246863416
2026-07-18T03:37:41-04:00,1806807,python,D,191117656,303860180,649837664,249818672,695818304,29502535,54007176,459075844,312693973,246863416
2026-07-18T03:37:46-04:00,1806807,python,D,190242616,303164864,647536880,249818672,695818304,29525616,54503844,459075844,312867751,246863416
2026-07-18T03:37:51-04:00,1806807,python,D,191936176,302341640,647536880,249818672,695818304,29553188,53204896,459075844,313073561,246863416
2026-07-18T03:37:56-04:00,1806807,python,D,193639316,301498604,647536880,249818672,695818304,29580405,51504848,459075844,313284359,246863416
2026-07-18T03:38:01-04:00,1806807,python,D,195211684,300734812,649837664,249818672,695818304,29605733,49925588,459075844,313475255,246863416
2026-07-18T03:38:06-04:00,1806807,python,D,196757232,299979820,649837664,249818672,695818304,29630662,48378120,459075844,313664031,246863416
2026-07-18T03:38:11-04:00,1806807,python,R,197922968,299285728,647536880,249818672,695818304,29653401,47102780,459075844,313837226,246863416
2026-07-18T03:38:16-04:00,1806807,python,D,199840292,298473676,649837664,249818672,695818304,29680232,45282820,459075844,314040537,246863416
2026-07-18T03:38:21-04:00,1806807,python,D,201524160,297674572,649837664,249818672,695818304,29707062,43593648,459075844,314240318,246863416
2026-07-18T03:38:26-04:00,1806807,python,D,202987672,296987236,649837664,249818672,695818304,29730445,42145256,459075844,314412185,246863416
2026-07-18T03:38:31-04:00,1806807,python,D,204849464,296102356,649837664,249818672,695818304,29760153,40277676,459075844,314633418,246863416
2026-07-18T03:38:36-04:00,1806807,python,D,206507960,295289780,649837664,249818672,695818304,29786846,38609472,459075844,314836581,246863416
2026-07-18T03:38:41-04:00,1806807,python,D,207951620,294589428,649837664,249818672,695818304,29810130,37168576,459075844,315011591,246863416
2026-07-18T03:38:46-04:00,1806807,python,D,209641796,293775848,649837664,249818672,695818304,29836656,35479312,459075844,315215044,246863416
2026-07-18T03:38:51-04:00,1806807,python,D,211461232,292892296,649837664,249818672,695818304,29864775,33659392,459075844,315435975,246863416
2026-07-18T03:38:56-04:00,1806807,python,D,213051452,292113112,649837664,249818672,695818304,29890051,32063940,459075844,315630791,246863416
2026-07-18T03:39:01-04:00,1806807,python,D,214839300,291242824,649837664,249818672,695818304,29918313,30274012,459075844,315848343,246863416
2026-07-18T03:39:06-04:00,1806807,python,D,214121340,290474428,647536880,249818672,695818304,29942749,30471068,459075844,316040422,246863416
2026-07-18T03:39:11-04:00,1806807,python,D,215873420,289611084,647536880,249818672,695818304,29970095,29088376,459075844,316256299,246863416
2026-07-18T03:39:16-04:00,1806807,python,D,217691888,288742828,647536880,249818672,695818304,29997954,27392180,459075844,316473304,246863416
2026-07-18T03:39:21-04:00,1806807,python,D,219507260,287865072,649837664,249818672,695818304,30026336,25581116,459075844,316692725,246863416
2026-07-18T03:39:26-04:00,1806807,python,D,221237356,287023784,649837664,249818672,695818304,30053652,23858736,459075844,316903038,246863416
2026-07-18T03:39:31-04:00,1806807,python,D,222647016,286335024,649837664,249818672,695818304,30076620,22447516,459075844,317075345,246863416
2026-07-18T03:39:37-04:00,1806807,python,D,224432320,285504092,649837664,249818672,695818304,30105882,20665144,459075844,317282956,246863416
2026-07-18T03:39:42-04:00,1806807,python,R,226240384,284664796,649837664,249818672,695818304,30135137,18846424,459075844,317492821,246863416
2026-07-18T03:39:47-04:00,1806807,python,D,227801432,283928980,649837664,249818672,695818304,30161184,17291312,459075844,317676796,246863416
2026-07-18T03:39:52-04:00,1806807,python,D,229569564,283103056,649837664,249818672,695818304,30190074,15512348,459075844,317883213,246863416
2026-07-18T03:39:57-04:00,1806807,python,D,231198172,282322284,649837664,249818672,695818304,30216534,13890840,459075844,318078480,246863416
2026-07-18T03:40:02-04:00,1806807,python,R,236278188,281883824,647536880,249818672,695818304,30233421,8803352,459075844,318187727,246863416
2026-07-18T03:40:07-04:00,1806807,python,R,243826032,288541840,682048588,249818672,695818304,30233421,1480116,459378980,318187727,246939200
2026-07-18T03:40:12-04:00,1806807,python,R,244023696,298956692,682048588,249818672,695818304,30233421,1260668,459378980,318187728,246939200
2026-07-18T03:40:17-04:00,1806807,python,R,244030864,309303084,682048588,249818672,695818304,30233421,1273388,464625988,318187730,248264716
2026-07-18T03:40:22-04:00,1806807,python,R,244048840,313198916,684349372,249818672,695818304,30233421,1457144,466327696,318187730,248729174
2026-07-18T03:40:27-04:00,1806807,python,R,243964604,313305908,684349372,249818672,695818304,30233421,1549160,466348780,318187732,248735812
2026-07-18T03:40:32-04:00,1806807,python,R,243337688,313305908,684349372,249818672,695818304,30233421,2112220,466348780,318187739,248735812
2026-07-18T03:40:37-04:00,1806807,python,R,244109708,313305908,695818152,249818672,695818304,30233421,1371084,466348780,318187741,248735812
2026-07-18T03:40:42-04:00,1806807,python,R,241688804,317334924,695818280,249818672,695818304,30233421,4721864,469157496,318187741,249686120
2026-07-18T03:40:47-04:00,1806807,python,D,241839804,317351408,693552624,249818672,695818304,30234411,4640368,469189848,318190757,249699434
2026-07-18T03:40:52-04:00,1806807,python,R,240841252,317242012,693552624,249818672,695818304,30240645,5554596,469189848,318217370,249699434
2026-07-18T03:40:57-04:00,1806807,python,R,242961980,318912360,693552624,249818672,695818304,30241413,4059340,470087772,318220133,250051579
2026-07-18T03:41:02-04:00,1806807,python,R,242409016,319026824,693552624,249818672,695818304,30241546,4643536,470201748,318220410,250097660
2026-07-18T03:41:07-04:00,1806807,python,R,242849344,319024996,693552624,249818672,695818304,30241673,4267488,470201748,318220780,250097660
2026-07-18T03:41:12-04:00,1806807,python,R,243652156,320522088,693552624,249818672,695818304,30241673,4311204,471694000,318220780,250687210
2026-07-18T03:41:17-04:00,1806807,python,R,241994320,320520816,693552624,249818672,695818304,30241776,5861864,471694000,318220994,250687210
2026-07-18T03:41:22-04:00,1806807,python,R,246037396,320537368,695818280,249818672,695818304,30241776,1965856,471713408,318220996,250694571
2026-07-18T03:41:27-04:00,1806807,python,R,242746732,322608588,693552624,249818672,695818304,30241800,5360856,473781016,318221080,251268921
2026-07-18T03:41:32-04:00,1806807,python,R,243277444,322608308,693552624,249818672,695818304,30241823,4790600,473781016,318221131,251268921
2026-07-18T03:41:37-04:00,1806807,python,R,242515372,322608308,693159192,249818672,695818304,30241823,5571444,473781016,318221131,251268921
2026-07-18T03:41:42-04:00,1806807,python,R,163783068,322164696,647536880,249818672,695818304,30258697,84025280,473781016,318331241,251268921
2026-07-18T03:41:47-04:00,1806807,python,D,164648520,321299244,647536880,249818672,695818304,30286841,83644016,473781016,318547642,251268921
2026-07-18T03:41:52-04:00,1806807,python,R,167611936,320635732,647536880,249818672,695818304,30310395,80673312,473781016,318712642,251268921
2026-07-18T03:41:57-04:00,1806807,python,D,168500380,319747256,647536880,249818672,695818304,30343853,79779980,473781016,318934758,251268921
2026-07-18T03:42:02-04:00,1806807,python,R,170733612,319025412,647536880,249818672,695818304,30368768,77427268,473781016,319114417,251268921
2026-07-18T03:42:07-04:00,1806807,python,D,172347984,318201572,647536880,249818672,695818304,30399890,75922536,473781016,319320157,251268921
2026-07-18T03:42:12-04:00,1806807,python,D,175415392,317434004,647536880,249818672,695818304,30426707,72847832,473781016,319511628,251268921
2026-07-18T03:42:17-04:00,1806807,python,D,176326972,316522520,647536880,249818672,695818304,30456947,71929976,473781016,319738813,251268921
2026-07-18T03:42:22-04:00,1806807,python,D,177122868,315726748,647536880,249818672,695818304,30482998,71139456,473781016,319937500,251268921
2026-07-18T03:42:27-04:00,1806807,python,D,180066700,315082696,647536880,249818672,695818304,30505182,68190368,473781016,320097954,251268921
2026-07-18T03:42:32-04:00,1806807,python,D,180863608,314285788,647536880,249818672,695818304,30532622,67392292,473781016,320297054,251268921
2026-07-18T03:42:37-04:00,1806807,python,D,179746864,313467132,647536880,249818672,695818304,30559798,68433804,473781016,320501216,251268921
2026-07-18T03:42:42-04:00,1806807,python,R,184673932,312777512,647536880,249818672,695818304,30583983,63570904,473781016,320673428,251268921
2026-07-18T03:42:47-04:00,1806807,python,D,185546836,311904544,647536880,249818672,695818304,30612499,62693468,473781016,320891596,251268921
2026-07-18T03:42:52-04:00,1806807,python,D,188607796,311143392,647536880,249818672,695818304,30637541,59613416,473781016,321081230,251268921
2026-07-18T03:42:57-04:00,1806807,python,D,189490384,310260964,647536880,249818672,695818304,30666588,58726388,473781016,321301694,251268921
2026-07-18T03:43:02-04:00,1806807,python,D,190330056,309421164,647536880,249818672,695818304,30694291,57880704,473781016,321511508,251268921
2026-07-18T03:43:08-04:00,1806807,python,R,193331128,308722048,647536880,249818672,695818304,30717865,54880944,473781016,321685831,251268921
2026-07-18T03:43:13-04:00,1806807,python,D,194103520,307949620,647536880,249818672,695818304,30744028,54128252,473781016,321878742,251268921
2026-07-18T03:43:18-04:00,1806807,python,R,193394464,307200528,647536880,249818672,695818304,30769455,54741272,473781016,322065471,251268921
2026-07-18T03:43:23-04:00,1806807,python,D,197839976,306513116,647536880,249818672,695818304,30791982,50384340,473781016,322237420,251268921
2026-07-18T03:43:28-04:00,1806807,python,D,198662008,305691032,647536880,249818672,695818304,30819301,49567356,473781016,322442835,251268921
2026-07-18T03:43:33-04:00,1806807,python,D,201648652,305006480,647536880,249818672,695818304,30842435,45797608,473781016,322613555,251268921
2026-07-18T03:43:38-04:00,1806807,python,D,202473044,304182080,647536880,249818672,695818304,30870080,45122668,473781016,322819542,251268921
2026-07-18T03:43:43-04:00,1806807,python,D,203346248,303308844,647536880,249818672,695818304,30900101,44417748,473781016,323037587,251268921
2026-07-18T03:43:48-04:00,1806807,python,D,206337792,302617164,647536880,249818672,695818304,30924964,41499392,473781016,323209485,251268921
2026-07-18T03:43:53-04:00,1806807,python,D,207177572,301777392,647536880,249818672,695818304,30952852,40664096,473781016,323419267,251268921
2026-07-18T03:43:58-04:00,1806807,python,D,210161896,301093004,647536880,249818672,695818304,30975998,38051320,473781016,323589810,251268921
2026-07-18T03:44:03-04:00,1806807,python,R,211058992,300195908,647536880,249818672,695818304,31005190,37158668,473781016,323814035,251268921
2026-07-18T03:44:08-04:00,1806807,python,D,211954564,299300336,647536880,249818672,695818304,31034903,36269588,473781016,324037746,251268921
2026-07-18T03:44:13-04:00,1806807,python,D,215003484,298553368,647536880,249818672,695818304,31060406,33211412,473781016,324223726,251268921
2026-07-18T03:44:18-04:00,1806807,python,D,215892988,297663880,647536880,249818672,695818304,31091870,32318636,473781016,324445294,251268921
2026-07-18T03:44:23-04:00,1806807,python,D,218888100,296968688,647536880,249818672,695818304,31119510,29340620,473781016,324616507,251268921
2026-07-18T03:44:28-04:00,1806807,python,D,221942444,296216168,647536880,249818672,695818304,31147813,26292752,473781016,324803042,251268921
2026-07-18T03:44:33-04:00,1806807,python,D,222854084,295304624,647536880,249818672,695818304,31178860,25373860,473781016,325030699,251268921
2026-07-18T03:44:38-04:00,1806807,python,D,223691108,294467664,647536880,249818672,695818304,31205793,24542524,473781016,325239868,251268921
2026-07-18T03:44:43-04:00,1806807,python,D,226653452,293804204,647536880,249818672,695818304,31228507,21555520,473781016,325405657,251268921
2026-07-18T03:44:48-04:00,1806807,python,D,227426392,293031340,647536880,249818672,695818304,31256103,20789192,473781016,325598648,251268921
2026-07-18T03:44:53-04:00,1806807,python,R,245995956,292720440,682048588,249818672,695818304,31277245,2347628,474102236,325752454,251353289
2026-07-18T03:44:58-04:00,1806807,python,R,247432220,300287772,682048588,249818672,695818304,31277245,1414228,476591008,325752454,252076768
2026-07-18T03:45:03-04:00,1806807,python,R,247547660,306254512,682048588,249818672,695818304,31277245,1403844,477121668,325752458,252224818
2026-07-18T03:45:08-04:00,1806807,python,R,246415476,309486412,684349372,249818672,695818304,31289948,2419728,477956028,325829194,252433403
2026-07-18T03:45:13-04:00,1806807,python,D,244696616,311436564,684349372,249818672,695818304,31306252,4170824,477988360,325940558,252441486
2026-07-18T03:45:18-04:00,1806807,python,D,243955712,311497604,684349372,249818672,695818304,31313139,4672352,477990548,325980460,252442033
2026-07-18T03:45:23-04:00,1806807,python,D,246369552,310717896,684349372,249818672,695818304,31341312,2483280,477990548,326175440,252442033
2026-07-18T03:45:28-04:00,1806807,python,D,246134636,310043508,684349372,249818672,695818304,31365813,2715476,477990548,326344116,252442033
2026-07-18T03:45:33-04:00,1806807,python,R,247766540,309503640,684349372,249818672,695818304,31384419,1107100,477990548,326478708,252442033
2026-07-18T03:45:38-04:00,1806807,python,R,247766540,309503640,684349372,249818672,695818304,31384419,1102088,477990548,326478708,252442033
2026-07-18T03:45:43-04:00,1806807,python,R,245587240,309503640,684349372,249818672,695818304,31384419,3175160,477990548,326478708,252442033
2026-07-18T03:45:48-04:00,1806807,python,R,245094968,314476260,693552624,249818672,695818304,31384419,3771200,478130088,326478709,252476918
2026-07-18T03:45:53-04:00,1806807,python,D,244462908,314225396,693552624,249818672,695818304,31399885,4397468,478130088,326588194,252476918
2026-07-18T03:45:58-04:00,1806807,python,D,245775192,313527512,693552624,249818672,695818304,31425502,3039672,478130088,326762556,252476918
2026-07-18T03:46:03-04:00,1806807,python,D,245973488,312667636,693552624,249818672,695818304,31454366,2834592,478130088,326977571,252476918
2026-07-18T03:46:08-04:00,1806807,python,R,245628688,311800048,693552624,249818672,695818304,31483541,3179780,478130088,327194496,252476918
2026-07-18T03:46:13-04:00,1806807,python,D,247914084,311073228,693552624,249818672,695818304,31508796,893276,478130088,327376132,252476918
2026-07-18T03:46:18-04:00,1806807,python,D,246728208,311190064,693552624,249818672,695818304,31534754,2083796,478140096,327560448,252479420
2026-07-18T03:46:23-04:00,1806807,python,R,247880420,311442892,693552624,249818672,695818304,31562792,975056,478206564,327759172,252496037
2026-07-18T03:46:29-04:00,1806807,python,D,247781976,311196360,693552624,249818672,695818304,31589031,1099932,478216424,327935071,252498502
2026-07-18T03:46:34-04:00,1806807,python,D,246412812,311456284,693552624,249818672,695818304,31613629,2456828,478217464,328108000,252498762
2026-07-18T03:46:39-04:00,1806807,python,D,247805976,311262368,693552624,249818672,695818304,31639552,1068692,478231892,328293374,252502369
2026-07-18T03:46:44-04:00,1806807,python,D,246383528,311512136,693552624,249818672,695818304,31663884,2476160,478236492,328464736,252503519
2026-07-18T03:46:49-04:00,1806807,python,D,247823832,311460788,693552624,249818672,695818304,31691381,1033644,478239772,328660941,252504432
2026-07-18T03:46:54-04:00,1806807,python,D,247526784,311499376,693552624,249818672,695818304,31713628,1323252,478243208,328817392,252505199
2026-07-18T03:46:59-04:00,1806807,python,D,246479388,311291348,693552624,249818672,695818304,31740024,2345108,478243216,329013654,252505201
2026-07-18T03:47:04-04:00,1806807,python,D,247784044,311674872,693552624,249818672,695818304,31764470,1081468,478244040,329193636,252505407
2026-07-18T03:47:09-04:00,1806807,python,D,247845280,311258672,693552624,249818672,695818304,31791039,999788,478244236,329395918,252505456
2026-07-18T03:47:14-04:00,1806807,python,D,246347332,311425484,693552624,249818672,695818304,31814777,2487616,478244236,329572018,252505456
2026-07-18T03:47:19-04:00,1806807,python,R,246161912,311875256,693552624,249818672,695818304,31830985,2589080,478248800,329692884,252506597
2026-07-18T03:47:24-04:00,1806807,python,R,247460004,313812924,695818280,249818672,695818304,31830985,1303140,478260776,329692895,252509591
2026-07-18T03:47:29-04:00,1806807,python,D,244413320,316999604,693552624,249818672,695818304,31835053,4319348,478291508,329713700,252517274
2026-07-18T03:47:34-04:00,1806807,python,D,245346488,316306148,693552624,249818672,695818304,31860852,3368584,478291508,329885813,252517274
2026-07-18T03:47:39-04:00,1806807,python,D,245708412,315563232,693552624,249818672,695818304,31888820,3005356,478291508,330071084,252517274
2026-07-18T03:47:44-04:00,1806807,python,D,246075668,314786216,693552624,249818672,695818304,31916556,2398688,478291508,330265280,252517274
2026-07-18T03:47:49-04:00,1806807,python,R,246980428,314285264,693552624,249818672,695818304,31936479,1695220,478291508,330411143,252517274
2026-07-18T03:47:54-04:00,1806807,python,R,247413724,314458404,693552624,249818672,695818304,31947709,1345180,478293928,330468566,252517879
2026-07-18T03:47:59-04:00,1806807,python,R,246089380,316816956,693552624,249818672,695818304,31947732,2505168,478316692,330468629,252523575
2026-07-18T03:48:04-04:00,1806807,python,R,242460268,319494228,693552624,249818672,695818304,31951860,6011160,478319224,330489360,252524225
2026-07-18T03:48:09-04:00,1806807,python,D,244761760,318663232,693552624,249818672,695818304,31981320,3869868,478319224,330696762,252524225
2026-07-18T03:48:14-04:00,1806807,python,D,243932460,318050780,693552624,249818672,695818304,32002848,4054636,478319224,330849707,252524225
2026-07-18T03:48:19-04:00,1806807,python,D,246329460,317298324,693552624,249818672,695818304,32031143,2279692,478319224,331037828,252524225
2026-07-18T03:48:24-04:00,1806807,python,R,245947288,316881904,693552624,249818672,695818304,32046005,2562420,478319224,331141274,252524225
2026-07-18T03:48:29-04:00,1806807,python,R,247355848,318809668,695818280,249818672,695818304,32046006,1330384,478331188,331141278,252527219
2026-07-18T03:48:34-04:00,1806807,python,R,244493744,321979944,693552624,249818672,695818304,32046911,4172368,478331440,331145729,252533890
2026-07-18T03:48:39-04:00,1806807,python,D,245108536,321213276,693552624,249818672,695818304,32073528,3524036,478331440,331337599,252533890
2026-07-18T03:48:44-04:00,1806807,python,D,245057076,320670672,693552624,249818672,695818304,32093379,3566436,478331440,331473156,252533890
2026-07-18T03:48:49-04:00,1806807,python,R,246308112,320153060,693552624,249818672,695818304,32111620,2298516,478331440,331602106,252533890
2026-07-18T03:48:54-04:00,1806807,python,R,245220464,320153028,693159192,249818672,695818304,32111628,3314828,478331440,331602131,252533890
2026-07-18T03:48:59-04:00,1806807,python,D,161683492,319971008,647536880,249818672,695818304,32122219,85962964,478331440,331648213,252533890
2026-07-18T03:49:04-04:00,1806807,python,D,163748576,319165476,647536880,249818672,695818304,32149484,84132764,478331440,331849686,252533890
2026-07-18T03:49:09-04:00,1806807,python,D,165827168,318356188,649837664,249818672,695818304,32176930,82542936,478331440,332051998,252533890
2026-07-18T03:49:14-04:00,1806807,python,D,167980660,317568804,649837664,249818672,695818304,32203970,80740524,478331440,332248804,252533890
2026-07-18T03:49:19-04:00,1806807,python,R,170438524,317053168,649837664,249818672,695818304,32225410,78211712,478331440,332376433,252533890
2026-07-18T03:49:24-04:00,1806807,python,R,175967928,316793696,647536880,249818672,695818304,32239903,72666872,478331440,332435568,252533890
2026-07-18T03:49:29-04:00,1806807,python,R,180337928,316642576,647536880,249818672,695818304,32247459,68293444,478331440,332470008,252533890
2026-07-18T03:49:34-04:00,1806807,python,R,187896868,316456644,647536880,249818672,695818304,32256015,60827916,478331440,332514492,252533890
2026-07-18T03:49:39-04:00,1806807,python,D,194068504,316243880,649837664,249818672,695818304,32266270,54630516,478331440,332564855,252533890
2026-07-18T03:49:45-04:00,1806807,python,D,199135724,315930048,649837664,249818672,695818304,32280057,48898656,478331440,332635829,252533890
2026-07-18T03:49:50-04:00,1806807,python,D,200632968,315224060,647536880,249818672,695818304,32304459,47391636,478331440,332811933,252533890
2026-07-18T03:49:55-04:00,1806807,python,R,202062176,314494492,649837664,249818672,695818304,32330617,45965464,478331440,332991329,252533890
2026-07-18T03:50:00-04:00,1806807,python,D,203810992,313657084,649837664,249818672,695818304,32358422,44288188,478331440,333200737,252533890
2026-07-18T03:50:05-04:00,1806807,python,D,202965028,312934716,647536880,249818672,695818304,32382537,44482492,478331440,333380137,252533890
2026-07-18T03:50:10-04:00,1806807,python,D,204814764,312076268,647536880,249818672,695818304,32411649,43071048,478331440,333594808,252533890
2026-07-18T03:50:15-04:00,1806807,python,D,206678820,311187052,647536880,249818672,695818304,32440878,41599444,478331440,333816993,252533890
2026-07-18T03:50:20-04:00,1806807,python,D,208495044,310316488,649837664,249818672,695818304,32469459,39787176,478331440,334034701,252533890
2026-07-18T03:50:25-04:00,1806807,python,D,210267832,309463380,649837664,249818672,695818304,32497337,38120292,478331440,334247983,252533890
2026-07-18T03:50:30-04:00,1806807,python,D,211683488,308774584,647536880,249818672,695818304,32520486,36750940,478331440,334418820,252533890
2026-07-18T03:50:35-04:00,1806807,python,R,246995728,310274888,684349372,249818672,695818304,32527176,1772396,478331440,334450125,252533896
2026-07-18T03:50:40-04:00,1806807,python,D,246159344,310164704,684349372,249818672,695818304,32532313,1827012,478331440,334476121,252533896
2026-07-18T03:50:45-04:00,1806807,python,R,247261320,310009296,684349372,249818672,695818304,32539660,1481840,478331144,334512228,252533896
2026-07-18T03:50:50-04:00,1806807,python,R,245402276,310016720,684349372,249818672,695818304,32557652,3271720,478331140,334605384,252533898
2026-07-18T03:50:55-04:00,1806807,python,D,246090064,309849036,684349372,249818672,695818304,32565495,2647120,478331140,334646038,252533898
2026-07-18T03:51:00-04:00,1806807,python,R,247306816,309963800,684349372,249818672,695818304,32577912,1468384,478335964,334712553,252535109
2026-07-18T03:51:05-04:00,1806807,python,R,247435096,313255808,695818280,249818672,695818304,32577912,1334624,479243008,334712553,252778338
2026-07-18T03:51:10-04:00,1806807,python,D,244443156,314361940,693552624,249818672,695818304,32589613,4361504,480588956,334774005,253134772
2026-07-18T03:51:15-04:00,1806807,python,R,244074864,313991084,693552624,249818672,695818304,32607442,4652836,480588956,334863333,253134772
2026-07-18T03:51:20-04:00,1806807,python,R,245767368,313512972,693552624,249818672,695818304,32629201,2978216,480588956,334979397,253134772
2026-07-18T03:51:25-04:00,1806807,python,D,244770968,312954884,693552624,249818672,695818304,32654355,3605884,480588956,335114285,253134772
2026-07-18T03:51:30-04:00,1806807,python,D,245003000,312499696,693552624,249818672,695818304,32674862,3216384,480588956,335224789,253134772
2026-07-18T03:51:35-04:00,1806807,python,D,246500608,311845884,693552624,249818672,695818304,32705124,2358064,480588956,335381957,253134772
2026-07-18T03:51:40-04:00,1806807,python,R,247676556,313010980,695818280,249818672,695818304,32718478,1385768,481839564,335451891,253478028
2026-07-18T03:51:45-04:00,1806807,python,R,247538796,315922104,695818280,249818672,695818304,32718479,1270292,482371288,335451894,253611613
2026-07-18T03:51:50-04:00,1806807,python,D,243837404,316647812,693552624,249818672,695818304,32729988,4940580,482378416,335507060,253613517
2026-07-18T03:51:55-04:00,1806807,python,R,245707140,316164996,693552624,249818672,695818304,32754074,3097156,482378416,335621131,253613517
2026-07-18T03:52:00-04:00,1806807,python,D,245273820,315586220,693552624,249818672,695818304,32781619,3536636,482378416,335760992,253613517
2026-07-18T03:52:05-04:00,1806807,python,R,246648352,315223784,693552624,249818672,695818304,32799738,2197440,482378416,335846930,253613517
2026-07-18T03:52:10-04:00,1806807,python,D,245867160,314663188,693552624,249818672,695818304,32826223,2966184,482378396,335982202,253613517
2026-07-18T03:52:15-04:00,1806807,python,D,246608816,314185768,693552624,249818672,695818304,32848367,2239492,482378396,336097877,253613517
2026-07-18T03:52:20-04:00,1806807,python,R,247305444,314025792,693552624,249818672,695818304,32873809,1539296,482380596,336228891,253614067
2026-07-18T03:52:25-04:00,1806807,python,R,247279336,318883796,695818280,249818672,695818304,32873809,1659412,482388120,336228895,253615948
2026-07-18T03:52:30-04:00,1806807,python,R,244829312,319344728,693552624,249818672,695818304,32881538,4089844,482388148,336264872,253615955
2026-07-18T03:52:35-04:00,1806807,python,D,244157756,318959188,693552624,249818672,695818304,32901193,4716468,482388148,336357333,253615955
2026-07-18T03:52:40-04:00,1806807,python,R,245368584,318805456,693552624,249818672,695818304,32909101,3516152,482388148,336394430,253615955
2026-07-18T03:52:45-04:00,1806807,python,R,247068504,321521100,695818280,249818672,695818304,32909101,1867368,482391336,336394430,253616752
2026-07-18T03:52:50-04:00,1806807,python,D,244776332,321326368,693552624,249818672,695818304,32924388,4137864,482391372,336473761,253616761
2026-07-18T03:52:55-04:00,1806807,python,R,245344956,321128724,693552624,249818672,695818304,32933744,3587804,482391372,336519731,253616761
2026-07-18T03:53:00-04:00,1806807,python,R,244951544,321128716,693159192,249818672,695818304,32933744,3977768,482391372,336519737,253616761
2026-07-18T03:53:06-04:00,1806807,python,D,161917648,320983632,647536880,249818672,695818304,32942684,87071208,482391372,336554173,253616761
2026-07-18T03:53:11-04:00,1806807,python,D,163565756,320560820,647536880,249818672,695818304,32964547,85157900,482391372,336654814,253616761
2026-07-18T03:53:16-04:00,1806807,python,R,167078212,320097944,647536880,249818672,695818304,32988228,81833808,482391372,336766959,253616761
2026-07-18T03:53:21-04:00,1806807,python,D,172167156,319649180,649837664,249818672,695818304,33010868,76843500,482391372,336874577,253616761
2026-07-18T03:53:26-04:00,1806807,python,R,174415244,319215672,649837664,249818672,695818304,33032668,74613396,482391372,336976523,253616761
2026-07-18T03:53:31-04:00,1806807,python,D,176884168,318833700,649837664,249818672,695818304,33052211,72128984,482391372,337066443,253616761
2026-07-18T03:53:36-04:00,1806807,python,D,181107640,318433728,649837664,249818672,695818304,33072323,67926504,482391372,337160954,253616761
2026-07-18T03:53:41-04:00,1806807,python,D,183964152,318111420,647536880,249818672,695818304,33088940,65099980,482391372,337234382,253616761
2026-07-18T03:53:46-04:00,1806807,python,R,185258984,317643764,647536880,249818672,695818304,33111101,63747056,482391372,337345358,253616761
2026-07-18T03:53:51-04:00,1806807,python,D,187955220,317130600,647536880,249818672,695818304,33135903,61140320,482391372,337468337,253616761
2026-07-18T03:53:56-04:00,1806807,python,R,192429912,316547432,647536880,249818672,695818304,33163101,56680620,482391372,337609110,253616761
2026-07-18T03:54:01-04:00,1806807,python,D,195972732,316217220,649837664,249818672,695818304,33180745,53144104,482391372,337685037,253616761
2026-07-18T03:54:06-04:00,1806807,python,R,198911840,315881596,647536880,249818672,695818304,33197907,50110408,482391372,337764582,253616761
2026-07-18T03:54:11-04:00,1806807,python,D,201513936,315466632,647536880,249818672,695818304,33218114,47592752,482391372,337863350,253616761
2026-07-18T03:54:16-04:00,1806807,python,R,227758500,315132228,682048588,249818672,695818304,33233826,21278196,482391372,337944118,253616761
2026-07-18T03:54:21-04:00,1806807,python,D,242337800,314534480,684349372,249818672,695818304,33257703,6805728,482391372,338092674,253616761
2026-07-18T03:54:26-04:00,1806807,python,R,242481180,314358556,684349372,249818672,695818304,33264123,6553120,482391372,338136257,253616761
2026-07-18T03:54:31-04:00,1806807,python,D,243499148,313639340,684349372,249818672,695818304,33291425,5641932,482391372,338315966,253616761
2026-07-18T03:54:36-04:00,1806807,python,D,243944176,312835944,684349372,249818672,695818304,33320033,5195284,482391372,338516157,253616761
2026-07-18T03:54:41-04:00,1806807,python,R,244590700,312701872,684349372,249818672,695818304,33324850,4554588,482391372,338549328,253616761
2026-07-18T03:54:46-04:00,1806807,python,R,243747116,312558092,684349372,249818672,695818304,33331187,5299272,482391372,338585097,253616761
2026-07-18T03:54:51-04:00,1806807,python,R,243860884,312376740,684349372,249818672,695818304,33339370,5230996,482391360,338630292,253616761
2026-07-18T03:54:56-04:00,1806807,python,R,245619736,313974652,693552624,249818672,695818304,33339447,3624336,482396500,338630601,253618084
2026-07-18T03:55:01-04:00,1806807,python,D,245129352,313299368,693552624,249818672,695818304,33363341,4106720,482396500,338799501,253618084
2026-07-18T03:55:06-04:00,1806807,python,R,247142320,312452068,693552624,249818672,695818304,33391562,2090876,482396500,339010869,253618084
2026-07-18T03:55:11-04:00,1806807,python,D,247511388,311591060,693552624,249818672,695818304,33421034,1689440,482396500,339226418,253618084
2026-07-18T03:55:16-04:00,1806807,python,D,247749528,310877788,693552624,249818672,695818304,33446089,1462932,482396500,339404712,253618084
2026-07-18T03:55:21-04:00,1806807,python,R,248058392,311532888,693552624,249818672,695818304,33462176,1195892,482398312,339519422,253622215
2026-07-18T03:55:26-04:00,1806807,python,D,248269844,310725048,693552624,249818672,695818304,33489201,954920,482398312,339721734,253622215
2026-07-18T03:55:31-04:00,1806807,python,D,246865508,311183248,693552624,249818672,695818304,33512221,2341476,482398664,339886887,253622303
2026-07-18T03:55:36-04:00,1806807,python,D,246309968,311284124,693552624,249818672,695818304,33534614,2904120,482398664,340053995,253622308
2026-07-18T03:55:41-04:00,1806807,python,D,245598552,311721704,693552624,249818672,695818304,33554630,3635728,482401396,340207126,253623061
2026-07-18T03:55:46-04:00,1806807,python,D,247861724,310967872,693552624,249818672,695818304,33580131,1341684,482401396,340395496,253623061
2026-07-18T03:55:51-04:00,1806807,python,R,247627208,311560820,693552624,249818672,695818304,33597862,1467176,482401396,340525597,253623061
2026-07-18T03:55:56-04:00,1806807,python,D,248045968,310822344,693552624,249818672,695818304,33622720,1144180,482401396,340710540,253623061
2026-07-18T03:56:01-04:00,1806807,python,R,245821564,311543520,693552624,249818672,695818304,33646318,3407428,482401452,340879393,253623075
2026-07-18T03:56:06-04:00,1806807,python,D,247912856,310672876,693552624,249818672,695818304,33675659,1294592,482401452,341097131,253623075
2026-07-18T03:56:11-04:00,1806807,python,D,247860588,311408692,693552624,249818672,695818304,33696619,1023180,482402872,341254409,253623474
2026-07-18T03:56:16-04:00,1806807,python,R,246503540,314367448,693552624,249818672,695818304,33706607,3878896,483636900,341331899,253932901
2026-07-18T03:56:21-04:00,1806807,python,D,243912564,316588116,693552624,249818672,695818304,33714417,5208840,485420708,341371369,254378853
2026-07-18T03:56:27-04:00,1806807,python,D,244047200,316078724,693552624,249818672,695818304,33740027,5033044,485420708,341496035,254378853
2026-07-18T03:56:32-04:00,1806807,python,D,245342300,315492260,693552624,249818672,695818304,33767025,3738816,485420708,341641158,254378853
2026-07-18T03:56:37-04:00,1806807,python,D,245068524,315149516,693552624,249818672,695818304,33783396,4003420,485420708,341725728,254378853
2026-07-18T03:56:42-04:00,1806807,python,D,246551796,314567432,693552624,249818672,695818304,33811045,2515356,485420708,341870682,254378853
2026-07-18T03:56:47-04:00,1806807,python,D,247127956,314081248,693552624,249818672,695818304,33832858,1729684,485420708,341991762,254378853
2026-07-18T03:56:52-04:00,1806807,python,R,247307608,313869040,693552624,249818672,695818304,33854377,1744756,485662372,342104539,254439269
2026-07-18T03:56:57-04:00,1806807,python,R,245657524,318531712,693552624,249818672,695818304,33854377,3477452,489725356,342104539,255455015
2026-07-18T03:57:02-04:00,1806807,python,D,244171244,318237964,693552624,249818672,695818304,33869184,4711004,489725356,342176574,255455015
2026-07-18T03:57:07-04:00,1806807,python,R,244424544,318105584,693552624,249818672,695818304,33876034,4502056,489725356,342208354,255455015
2026-07-18T03:57:12-04:00,1806807,python,R,244026296,320705436,695818280,249818672,695818304,33876034,5019336,492078344,342208371,256043262
2026-07-18T03:57:17-04:00,1806807,python,D,245771220,320403832,693552624,249818672,695818304,33892736,3362600,492141832,342299246,256059134
2026-07-18T03:57:22-04:00,1806807,python,R,246348568,320140144,693552624,249818672,695818304,33905624,2760836,492141832,342363502,256059134
2026-07-18T03:57:27-04:00,1806807,python,R,245955160,320140128,693159192,249818672,695818304,33905628,3148256,492141832,342363509,256059134
2026-07-18T03:57:32-04:00,1806807,python,R,248066956,321315664,698154192,249818672,698154192,33905632,1078796,493329672,342363521,256356926
2026-07-18T03:57:37-04:00,1806807,python,R,195072820,174876876,502946532,249818672,698154192,33907363,54215352,346360128,342369740,256763134
2026-07-18T03:57:42-04:00,1806807,python,D,200092536,171183572,532856684,249818672,698154192,33928897,49303712,343456052,342472100,256763134
2026-07-18T03:57:47-04:00,1806807,python,R,201531916,170708596,532856684,249818672,698154192,33953054,47269812,343456052,342589383,256763134
2026-07-18T03:57:52-04:00,1806807,python,R,205625008,170252904,532856684,249818672,698154192,33976137,43315668,343456052,342701907,256763134
2026-07-18T03:57:57-04:00,1806807,python,D,207757840,169870872,532856684,249818672,698154192,33995941,41188900,343456052,342795991,256763134
2026-07-18T03:58:02-04:00,1806807,python,D,212651280,169510436,535157468,249818672,698154192,34014533,36314288,343456052,342883292,256763134
2026-07-18T03:58:07-04:00,1806807,python,R,218026704,169354904,532856684,249818672,698154192,34022661,30948684,343456052,342919694,256763134
2026-07-18T03:58:12-04:00,1806807,python,D,221380432,169052316,532856684,249818672,698154192,34035946,27489008,343456052,342993039,256763134
2026-07-18T03:58:17-04:00,1806807,python,R,229270204,168873412,532856684,249818672,698154192,34045650,20035640,343456052,343036380,256763134
2026-07-18T03:58:22-04:00,1806807,python,D,234827808,168659144,532856684,249818672,698154192,34056430,14620356,343456052,343083757,256763134
2026-07-18T03:58:27-04:00,1806807,python,R,248206568,169320104,567368392,249818672,698154192,34070976,1623864,344439092,343152532,257009214
2026-07-18T03:58:32-04:00,1806807,python,R,248021420,174660868,567368392,249818672,698154192,34070976,1787756,349742992,343152536,258334869
2026-07-18T03:58:37-04:00,1806807,python,R,247996124,180978124,567368392,249818672,698154192,34070976,1767576,356073856,343152536,259919428
2026-07-18T03:58:42-04:00,1806807,python,R,247858908,186969704,567368392,249818672,698154192,34070976,1871576,362065148,343152551,261416821
2026-07-18T03:58:47-04:00,1806807,python,R,247557100,193804628,569669176,249818672,698154192,34075104,2122856,367723688,343171474,262830043
2026-07-18T03:58:52-04:00,1806807,python,D,246081504,194950428,569669176,249818672,698154192,34089632,3572272,367723976,343251202,262830115
2026-07-18T03:58:57-04:00,1806807,python,R,247269952,195329000,569669176,249818672,698154192,34107908,2370776,367723976,343363449,262830115
2026-07-18T03:59:02-04:00,1806807,python,D,246471360,195062276,569669176,249818672,698154192,34119499,3123172,367723976,343430286,262830115
2026-07-18T03:59:07-04:00,1806807,python,D,246482500,194680316,569669176,249818672,698154192,34147640,3170560,367723976,343618492,262830115
2026-07-18T03:59:12-04:00,1806807,python,R,248092156,194506796,569669176,249818672,698154192,34169179,1578112,367723976,343762211,262830115
2026-07-18T03:59:17-04:00,1806807,python,D,246367416,194426932,569669176,249818672,698154192,34173118,2973840,367723976,343781975,262830115
2026-07-18T03:59:22-04:00,1806807,python,R,248195428,194403524,569669176,249818672,698154192,34183015,1469156,367723976,343828223,262830115
2026-07-18T03:59:27-04:00,1806807,python,R,248153856,194445096,569669176,249818672,698154192,34197503,1524828,367723976,343899022,262830115
2026-07-18T03:59:32-04:00,1806807,python,R,248089952,195213208,581137956,249818672,698154192,34197503,1576808,367723976,343899027,262830115
2026-07-18T03:59:37-04:00,1806807,python,R,248344768,198753260,581138084,249818672,698154192,34197503,1416728,367724008,343899033,262830270
2026-07-18T03:59:43-04:00,1806807,python,D,245877176,198834012,578872428,249818672,698154192,34208203,3879292,367724008,343970761,262830278
2026-07-18T03:59:48-04:00,1806807,python,D,246285844,198034080,578872428,249818672,698154192,34235291,3105528,367724008,344170602,262830278
2026-07-18T03:59:53-04:00,1806807,python,D,246218012,197227368,578872428,249818672,698154192,34262782,3188308,367724008,344372147,262830278
2026-07-18T03:59:58-04:00,1806807,python,D,246498720,196465508,578872428,249818672,698154192,34289603,3080400,367724008,344562347,262830278
2026-07-18T04:00:03-04:00,1806807,python,D,248498932,196170444,578872428,249818672,698154192,34314867,1289920,367724008,344741274,262830454
2026-07-18T04:00:08-04:00,1806807,python,R,247350532,196123808,578872428,249818672,698154192,34334178,2372460,367724008,344882133,262830537
2026-07-18T04:00:13-04:00,1806807,python,D,246525572,196246060,578872428,249818672,698154192,34352585,3233344,367724144,345005619,262831751
2026-07-18T04:00:18-04:00,1806807,python,R,248439916,196240928,578872428,249818672,698154192,34378443,1362428,367724144,345190121,262831751
2026-07-18T04:00:23-04:00,1806807,python,D,247569836,196104988,578872428,249818672,698154192,34403219,2199004,367724372,345368639,262831808
2026-07-18T04:00:28-04:00,1806807,python,D,248612732,196161924,578872428,249818672,698154192,34423089,1181196,367725416,345508300,262832219
2026-07-18T04:00:33-04:00,1806807,python,R,248049720,196411740,578872428,249818672,698154192,34442636,1631812,367725068,345645948,262832228
2026-07-18T04:00:38-04:00,1806807,python,D,246544816,196386608,578872428,249818672,698154192,34459426,3250640,367725068,345765690,262832232
2026-07-18T04:00:43-04:00,1806807,python,R,248464832,196946836,581138084,249818672,698154192,34476604,1349264,367725068,345892583,262832240
2026-07-18T04:00:48-04:00,1806807,python,D,244257608,201069400,578872428,249818672,698154192,34478845,5353656,370128844,345904051,263434035
2026-07-18T04:00:53-04:00,1806807,python,D,245301560,200557812,578872428,249818672,698154192,34503440,4415548,370128844,346031954,263434035
2026-07-18T04:00:58-04:00,1806807,python,D,246572492,199962796,578872428,249818672,698154192,34530145,3126452,370128844,346180717,263434035
2026-07-18T04:01:03-04:00,1806807,python,D,246365324,199625224,578872428,249818672,698154192,34545790,3340624,370128844,346265022,263434035
2026-07-18T04:01:08-04:00,1806807,python,D,247717308,199016688,578872428,249818672,698154192,34573443,1979028,370128844,346417288,263434035
2026-07-18T04:01:13-04:00,1806807,python,D,248168244,198526772,578872428,249818672,698154192,34594671,1574668,370132940,346540810,263435059
2026-07-18T04:01:18-04:00,1806807,python,R,248433536,198767716,578872428,249818672,698154192,34614057,1335824,370786252,346643636,263598393
2026-07-18T04:01:23-04:00,1806807,python,R,245563820,203289688,578872428,249818672,698154192,34614057,4073272,374955736,346643683,264640820
2026-07-18T04:01:28-04:00,1806807,python,D,244490828,203025320,578872428,249818672,698154192,34627674,4938856,374955736,346709917,264640820
2026-07-18T04:01:33-04:00,1806807,python,R,245718972,202884680,578872428,249818672,698154192,34635135,3887764,374955736,346744964,264640820
2026-07-18T04:01:38-04:00,1806807,python,R,246836252,205715556,581138084,249818672,698154192,34635135,2803432,377722420,346744991,265332512
2026-07-18T04:01:43-04:00,1806807,python,D,246146344,205302928,578872428,249818672,698154192,34652747,3584208,377740852,346853035,265337120
2026-07-18T04:01:48-04:00,1806807,python,R,246803288,204998616,578872428,249818672,698154192,34666522,2898212,377740852,346928894,265337120
2026-07-18T04:01:53-04:00,1806807,python,R,244681116,204998612,578478996,249818672,698154192,34666523,4371272,377740852,346928919,265337120
2026-07-18T04:01:58-04:00,1806807,python,R,172333508,194945844,532856684,249818672,698154192,34669221,76675908,367725064,346942767,265337120
2026-07-18T04:02:03-04:00,1806807,python,D,176771724,194502536,532856684,249818672,698154192,34691212,72260268,367725064,347053701,265337120
2026-07-18T04:02:08-04:00,1806807,python,D,179571820,194004396,532856684,249818672,698154192,34715014,70059912,367725064,347178312,265337120
2026-07-18T04:02:13-04:00,1806807,python,D,182988400,193595000,535157468,249818672,698154192,34735765,66759956,367725064,347280501,265337120
2026-07-18T04:02:18-04:00,1806807,python,R,185606588,193265636,532856684,249818672,698154192,34752644,64070956,367725064,347362707,265337120
2026-07-18T04:02:23-04:00,1806807,python,R,190944364,193039668,532856684,249818672,698154192,34764719,58730428,367725064,347419113,265337120
2026-07-18T04:02:28-04:00,1806807,python,R,199098512,192883192,532856684,249818672,698154192,34772082,50695176,367725064,347457396,265337120
2026-07-18T04:02:33-04:00,1806807,python,R,202136436,192516364,535157468,249818672,698154192,34790437,47642860,367725064,347549410,265337120
2026-07-18T04:02:38-04:00,1806807,python,R,208319980,192308380,532856684,249818672,698154192,34801833,41362696,367725064,347601137,265337120
2026-07-18T04:02:43-04:00,1806807,python,R,213662916,192122948,532856684,249818672,698154192,34811881,36096440,367725064,347647519,265337120
2026-07-18T04:02:48-04:00,1806807,python,R,247882052,194716304,569669176,249818672,698154192,34817391,1916368,367725072,347682073,265337392
2026-07-18T04:02:53-04:00,1806807,python,R,245375472,195121404,569669176,249818672,698154192,34839503,4317864,367725072,347823478,265337444
2026-07-18T04:02:59-04:00,1806807,python,D,245974708,195034008,569669176,249818672,698154192,34844970,3800504,367725072,347855062,265337444
2026-07-18T04:03:04-04:00,1806807,python,D,246205116,194279316,569669176,249818672,698154192,34872660,3523772,367725072,348043887,265337444
2026-07-18T04:03:09-04:00,1806807,python,R,248282456,194114064,569669176,249818672,698154192,34898572,1501840,367725072,348222325,265337444
2026-07-18T04:03:14-04:00,1806807,python,R,246022584,194759428,569669176,249818672,698154192,34899607,3628512,367725072,348227933,265337445
2026-07-18T04:03:19-04:00,1806807,python,R,246291292,194589024,569669176,249818672,698154192,34906871,3362752,367725072,348270544,265337445
2026-07-18T04:03:24-04:00,1806807,python,R,248203168,194389508,569669176,249818672,698154192,34915597,1517592,367725072,348320461,265337445
2026-07-18T04:03:29-04:00,1806807,python,R,246883084,196830852,581138084,249818672,698154192,34915597,2812700,367725124,348320467,265337713
2026-07-18T04:03:34-04:00,1806807,python,D,243344192,199409124,578872428,249818672,698154192,34915980,6056692,367725188,348322698,265337749
2026-07-18T04:03:39-04:00,1806807,python,D,245490760,198683644,578872428,249818672,698154192,34942115,4101876,367725188,348504153,265337749
2026-07-18T04:03:44-04:00,1806807,python,D,246819484,197922216,578872428,249818672,698154192,34968792,2760256,367725188,348694473,265337749
2026-07-18T04:03:49-04:00,1806807,python,R,246020956,197328328,578872428,249818672,698154192,34990378,3476284,367725188,348842585,265337749
2026-07-18T04:03:54-04:00,1806807,python,R,247894256,196886580,578872428,249818672,698154192,35010341,1637608,367725188,348954568,265337749
2026-07-18T04:03:59-04:00,1806807,python,R,248065444,196828264,578872428,249818672,698154192,35024731,1560940,367725188,349016424,265337768
2026-07-18T04:04:04-04:00,1806807,python,R,248051048,196842660,578872428,249818672,698154192,35043822,1565116,367725188,349100950,265337769
2026-07-18T04:04:09-04:00,1806807,python,R,247846812,199991516,581138084,249818672,698154192,35043822,1620252,367725252,349100966,265337775
2026-07-18T04:04:14-04:00,1806807,python,D,243502360,201732356,578872428,249818672,698154192,35045759,5741092,367725408,349109211,265337831
2026-07-18T04:04:19-04:00,1806807,python,D,245177224,201314936,578872428,249818672,698154192,35070366,4127256,367725408,349208423,265337831
2026-07-18T04:04:24-04:00,1806807,python,R,245514424,200988028,578872428,249818672,698154192,35089178,3793316,367725408,349285200,265337831
2026-07-18T04:04:29-04:00,1806807,python,D,246235784,200606604,578872428,249818672,698154192,35111621,3093224,367725408,349376085,265337831
2026-07-18T04:04:34-04:00,1806807,python,D,245738496,200286756,578872428,249818672,698154192,35130356,3591868,367725408,349453083,265337831
2026-07-18T04:04:39-04:00,1806807,python,R,247622392,201601160,581138084,249818672,698154192,35136474,1816576,367725532,349478351,265338023
2026-07-18T04:04:44-04:00,1806807,python,D,244340816,204185240,578872428,249818672,698154192,35146362,5005208,368965692,349521813,265648138
2026-07-18T04:04:49-04:00,1806807,python,D,245236096,203777408,578872428,249818672,698154192,35168168,4110360,368965692,349620921,265648138
2026-07-18T04:04:54-04:00,1806807,python,R,245154060,203697828,578872428,249818672,698154192,35172346,4092244,368965692,349640093,265648138
2026-07-18T04:04:59-04:00,1806807,python,R,245023264,206158076,578872428,249818672,698154192,35172346,4301696,371030076,349640099,266164279
2026-07-18T04:05:04-04:00,1806807,python,D,245751956,205699528,578872428,249818672,698154192,35193037,3635452,371030076,349753152,266164279
2026-07-18T04:05:09-04:00,1806807,python,D,246196044,205300524,578872428,249818672,698154192,35212532,2594956,371030076,349850712,266164279
2026-07-18T04:05:14-04:00,1806807,python,R,246536428,205259544,578872428,249818672,698154192,35214794,2431336,371030076,349860326,266164279
2026-07-18T04:05:19-04:00,1806807,python,R,245174100,205259520,578478996,249818672,698154192,35214796,3771072,371030076,349860333,266164279
2026-07-18T04:05:24-04:00,1806807,python,D,167006880,201455244,530555900,249818672,698154192,35241640,81902660,367725528,349986203,266164279
2026-07-18T04:05:29-04:00,1806807,python,R,173056260,200900660,530555900,249818672,698154192,35271578,75850908,367725528,350118342,266164279
2026-07-18T04:05:34-04:00,1806807,python,D,179692956,200430640,530555900,249818672,698154192,35297818,69217584,367725528,350230845,266164279
2026-07-18T04:05:39-04:00,1806807,python,D,186838136,199998812,530555900,249818672,698154192,35323915,62086288,367725528,350335325,266164279
2026-07-18T04:05:44-04:00,1806807,python,R,194613532,199546980,530555900,249818672,698154192,35351600,54854928,367725528,350444174,266164279
2026-07-18T04:05:49-04:00,1806807,python,D,202537148,199088420,530555900,249818672,698154192,35378968,46936132,367725528,350553916,266164279
2026-07-18T04:05:54-04:00,1806807,python,D,241939084,198916872,569669176,249818672,698154192,35388697,7541984,367725528,350594837,266164279
2026-07-18T04:05:59-04:00,1806807,python,R,243448340,198738908,569669176,249818672,698154192,35399254,5941476,367725528,350635839,266164279
2026-07-18T04:06:04-04:00,1806807,python,R,241754472,198571144,569669176,249818672,698154192,35409557,6955288,367725528,350675141,266164279
2026-07-18T04:06:09-04:00,1806807,python,R,244160088,198432896,569669176,249818672,698154192,35417349,5352252,367725528,350706896,266164279
2026-07-18T04:06:14-04:00,1806807,python,D,243842300,198316132,569669176,249818672,698154192,35423891,5671260,367725528,350733888,266164279
2026-07-18T04:06:20-04:00,1806807,python,R,245932276,198927868,581138084,249818672,698154192,35425180,3690412,367725528,350738596,266164286
2026-07-18T04:06:25-04:00,1806807,python,D,243844600,198916504,578872428,249818672,698154192,35431978,5499264,367725528,350771431,266164286
2026-07-18T04:06:30-04:00,1806807,python,D,245040660,198488224,578872428,249818672,698154192,35449424,4541964,367725528,350877191,266164286
2026-07-18T04:06:35-04:00,1806807,python,D,247015640,197783132,578872428,249818672,698154192,35474456,2527972,367725528,351051757,266164286
2026-07-18T04:06:40-04:00,1806807,python,D,245579524,197335088,578872428,249818672,698154192,35489390,3926784,367725528,351163848,266164286
2026-07-18T04:06:45-04:00,1806807,python,R,248108036,196787352,578872428,249818672,698154192,35507776,1447128,367725528,351300398,266164286
2026-07-18T04:06:50-04:00,1806807,python,R,244087040,201663876,581138084,249818672,698154192,35507776,5389564,367725596,351300416,266164380
2026-07-18T04:06:55-04:00,1806807,python,R,243186132,201735648,578872428,249818672,698154192,35515679,5605284,367725612,351347303,266164388
2026-07-18T04:07:00-04:00,1806807,python,D,243890020,201467904,578872428,249818672,698154192,35528519,5294004,367725612,351414381,266164388
2026-07-18T04:07:05-04:00,1806807,python,D,245384424,201107992,578872428,249818672,698154192,35545937,4186636,367725612,351504410,266164388
2026-07-18T04:07:10-04:00,1806807,python,R,247942996,202686724,581138084,249818672,698154192,35551987,1672192,367725612,351536944,266164393
2026-07-18T04:07:15-04:00,1806807,python,R,244946916,203984848,578872428,249818672,698154192,35552668,4571888,367725612,351539652,266164395
2026-07-18T04:07:20-04:00,1806807,python,R,244963276,203943912,578872428,249818672,698154192,35555121,4517472,367725612,351549638,266164395
2026-07-18T04:07:25-04:00,1806807,python,R,246229000,206327500,581138084,249818672,698154192,35555121,3262124,367725612,351549653,266164404
2026-07-18T04:07:30-04:00,1806807,python,R,245395204,206343576,578872428,249818672,698154192,35557141,4110140,367725612,351557702,266164404
2026-07-18T04:07:35-04:00,1806807,python,R,243551788,206343576,578478996,249818672,698154192,35557141,5596136,367725612,351557750,266164404
2026-07-18T04:07:40-04:00,1806807,python,R,160400476,206316572,493755052,249818672,698154192,35559057,88467672,367725612,351564518,266164404
2026-07-18T04:07:45-04:00,1806807,python,R,89645352,196501252,413216072,249818672,698154192,35559222,159264084,287111272,351564797,266164404
2026-07-18T04:07:50-04:00,1806807,python,R,30558804,144594640,190040340,249818672,698154192,35559225,219034776,175890344,351564807,266164404
