{
  "stage": "6B_tiled_wall_focused",
  "N": 181,
  "v_s": 1.0,
  "sigma": 4.0,
  "R": 3.0,
  "dtype": "float64",
  "scope": "wall",
  "tile_t": 9,
  "tile_x": 41,
  "tile_y": 41,
  "tile_z": 9,
  "halo": 4,
  "elapsed_seconds": 51714.469308137894,
  "lambda_fit": 1.0188246894934758,
  "beta_fit": -1.347997703910768,
  "mask_points": 179790920,
  "fit_residual": 548.1509111867558,
  "action_residual": 547.5625946747268,
  "fit_Q_L2": 1389.2956171251062,
  "action_Q_L2": 1387.799032242435,
  "normalized_fit_residual": 0.3945531134122873,
  "normalized_action_residual": 0.39455467395013505,
  "action_over_fit": 0.9989267252867368,
  "relative_tensor_difference": 0.005875634148067525,
  "bianchi": 0.08465323429020431,
  "rho_peak_error": 0.003500466557553282,
  "rho_relative_peak_error": 0.0895195683599817,
  "positive_Q00_over_abs_rho": 27006.713103061782,
  "eta_needed": 3.702783067987007e-05,
  "time_utc": "2026-06-20T23:23:08+00:00"
}